date,open,high,low,close
2020/08/24,5541,5617,5512,5613
2020/08/21,5584,5596,5525,5539
2020/08/20,5709,5715,5558,5594
2020/08/19,5779,5816,5717,5718
2020/08/18,5911,5922,5858,5889
2020/08/17,5954,6000,5932,5936
2020/08/14,5935,6002,5905,5979
2020/08/13,5836,5889,5826,5869
2020/08/12,5766,5766,5693,5717
2020/08/11,5762,5778,5703,5776
2020/08/07,5696,5788,5684,5776
2020/08/06,5870,5872,5740,5746
2020/08/05,5915,6006,5766,5808
2020/08/04,5847,5924,5794,5911
2020/08/03,5593,5692,5563,5666
2020/07/31,5602,5611,5505,5512
2020/07/30,5604,5652,5558,5594
2020/07/29,5586,5629,5574,5591
2020/07/28,5685,5693,5647,5661
2020/07/27,5526,5656,5526,5626
2020/07/22,5671,5726,5671,5678
2020/07/21,5754,5812,5739,5768
2020/07/20,5623,5690,5587,5687
2020/07/17,5668,5682,5564,5602
2020/07/16,5669,5753,5632,5652
2020/07/15,5529,5631,5515,5626
2020/07/14,5548,5579,5481,5505
2020/07/13,5545,5643,5497,5623
2020/07/10,5380,5505,5338,5409
2020/07/09,5187,5377,5173,5342
2020/07/08,5204,5225,5179,5179
2020/07/07,5215,5268,5190,5237
2020/07/06,5276,5298,5250,5298
2020/07/03,5250,5271,5224,5257
2020/07/02,5296,5311,5236,5257
2020/07/01,5235,5255,5190,5216
2020/06/30,5200,5238,5157,5189
2020/06/29,5285,5285,5138,5146
2020/06/26,5307,5323,5280,5298
2020/06/25,5355,5399,5330,5330
2020/06/24,5406,5443,5387,5404
2020/06/23,5414,5421,5324,5404
2020/06/22,5433,5457,5384,5388
2020/06/19,5440,5449,5382,5398
2020/06/18,5401,5465,5399,5443
2020/06/17,5404,5492,5371,5453
2020/06/16,5311,5353,5279,5325
2020/06/15,5207,5333,5196,5215
2020/06/12,5215,5316,5139,5284
2020/06/11,5407,5469,5338,5355
2020/06/10,5274,5383,5251,5363
2020/06/09,5308,5327,5252,5302
2020/06/08,5290,5312,5257,5304
2020/06/05,5134,5227,5131,5227
2020/06/04,5226,5272,5167,5224
2020/06/03,5232,5236,5103,5147
2020/06/02,5063,5184,5063,5140
2020/06/01,4985,5030,4945,5030
2020/05/29,5015,5038,4965,4965
2020/05/28,4923,4984,4874,4978
2020/05/27,4843,4887,4828,4886
2020/05/26,4928,4928,4848,4882
2020/05/25,4986,4988,4873,4897
2020/05/22,4964,5020,4902,4919
2020/05/21,4952,5000,4931,4941
2020/05/20,4897,4979,4845,4911
2020/05/19,4993,5101,4941,5029
2020/05/18,4960,5009,4860,4877
2020/05/15,5047,5116,5004,5013
2020/05/14,4985,5049,4966,4967
2020/05/13,5133,5181,5109,5173
2020/05/12,5186,5223,5171,5180
2020/05/11,5142,5230,5126,5176
2020/05/08,5064,5114,5031,5100
2020/05/07,4959,5002,4935,4990
2020/05/01,5015,5040,4966,5006
2020/04/30,5080,5160,5028,5103
2020/04/28,4936,5027,4936,4984
2020/04/27,5003,5023,4966,5000
2020/04/24,4930,4965,4911,4951
2020/04/23,5001,5028,4965,4997
2020/04/22,4937,4997,4865,4988
2020/04/21,5056,5119,4961,4977
2020/04/20,5163,5205,5086,5097
2020/04/17,5081,5181,5037,5169
2020/04/16,4975,4996,4955,4974
2020/04/15,4926,5052,4890,5028
2020/04/14,4832,4929,4814,4920
2020/04/13,4906,4927,4831,4843
2020/04/10,4925,4993,4873,4969
2020/04/09,5058,5060,4952,5003
2020/04/08,4992,5027,4891,5001
2020/04/07,5041,5080,4873,4996
2020/04/06,4719,4924,4686,4895
2020/04/03,4752,4812,4625,4682
2020/04/02,4629,4775,4623,4732
2020/04/01,4757,4799,4615,4665
2020/03/31,4875,4924,4783,4813
2020/03/30,4867,4900,4767,4827
2020/03/27,4955,5021,4887,5021
2020/03/26,4808,4852,4752,4808
2020/03/25,4759,4904,4757,4887
2020/03/24,4488,4663,4448,4663
2020/03/23,4362,4464,4306,4416
2020/03/19,4620,4671,4294,4466
2020/03/18,4508,4730,4486,4517
2020/03/17,4203,4508,4148,4400
2020/03/16,4378,4513,4227,4252
2020/03/13,4136,4516,4000,4389
2020/03/12,4534,4620,4397,4445
2020/03/11,4762,4860,4629,4647
2020/03/10,4626,4910,4502,4857
2020/03/09,4863,4881,4644,4704
2020/03/06,5148,5184,5045,5078
2020/03/05,5238,5274,5193,5251
2020/03/04,5105,5217,5093,5165
2020/03/03,5342,5351,5163,5163
2020/03/02,5009,5282,5003,5217
2020/02/28,5088,5141,4991,5021
2020/02/27,5357,5363,5189,5225
2020/02/26,5462,5462,5341,5439
2020/02/25,5403,5563,5393,5528
2020/02/21,5673,5743,5669,5690
2020/02/20,5709,5787,5678,5726
2020/02/19,5602,5652,5562,5612
2020/02/18,5563,5618,5515,5535
2020/02/17,5728,5759,5670,5679
2020/02/14,5810,5835,5783,5811
2020/02/13,5902,5920,5840,5850
2020/02/12,5838,5900,5824,5888
2020/02/10,5886,5914,5852,5870
2020/02/07,6024,6031,5951,5975
2020/02/06,5939,6001,5872,5991
2020/02/05,6006,6044,5803,5851
2020/02/04,5846,5904,5766,5884
2020/02/03,5773,5909,5768,5888
2020/01/31,5969,5978,5893,5901
2020/01/30,5948,5949,5813,5864
2020/01/29,5989,6011,5945,5994
2020/01/28,5938,5991,5922,5947
2020/01/27,5968,6071,5914,6019
2020/01/24,6102,6102,6034,6077
2020/01/23,6079,6115,6058,6087
2020/01/22,6057,6111,6047,6095
2020/01/21,6127,6132,6063,6084
2020/01/20,6122,6138,6102,6121
2020/01/17,6144,6157,6071,6071
2020/01/16,6037,6124,6020,6080
2020/01/15,6080,6142,6025,6038
2020/01/14,6093,6217,6087,6158
2020/01/10,6027,6067,6001,6011
2020/01/09,5959,6008,5915,5982
2020/01/08,5819,5904,5760,5872
2020/01/07,5781,5905,5774,5868
2020/01/06,5620,5695,5615,5688
2019/12/30,5689,5690,5638,5674
2019/12/27,5711,5736,5678,5711
2019/12/26,5672,5703,5663,5694
2019/12/25,5677,5690,5656,5686
2019/12/24,5699,5723,5646,5677
2019/12/23,5673,5692,5650,5666
2019/12/20,5649,5655,5588,5615
2019/12/19,5688,5727,5678,5712
2019/12/18,5648,5701,5644,5681
2019/12/17,5743,5744,5686,5713
2019/12/16,5681,5750,5667,5720
2019/12/13,5694,5727,5670,5702
2019/12/12,5592,5607,5544,5593
2019/12/11,5520,5537,5517,5529
2019/12/10,5513,5566,5512,5548
2019/12/09,5460,5491,5456,5470
2019/12/06,5435,5456,5377,5410
2019/12/05,5481,5493,5411,5425
2019/12/04,5394,5431,5350,5431
2019/12/03,5308,5433,5298,5433
2019/12/02,5338,5380,5312,5352
2019/11/29,5314,5374,5271,5279
2019/11/28,5313,5327,5256,5272
2019/11/27,5260,5317,5246,5297
2019/11/26,5187,5269,5179,5268
2019/11/25,5123,5128,5096,5127
2019/11/22,5106,5144,5101,5105
2019/11/21,5089,5118,5005,5063
2019/11/20,5104,5136,5091,5110
2019/11/19,5170,5179,5129,5152
2019/11/18,5158,5226,5147,5218
2019/11/15,5110,5151,5091,5126
2019/11/14,5146,5151,5076,5105
2019/11/13,5169,5220,5168,5188
2019/11/12,5102,5151,5102,5151
2019/11/11,5071,5090,5047,5085
2019/11/08,5020,5036,4978,4995
2019/11/07,5018,5033,4950,4981
2019/11/06,5114,5123,5035,5045
2019/11/05,5085,5119,5046,5083
2019/11/01,5010,5063,4998,5025
2019/10/31,5046,5080,4986,5027
2019/10/30,4921,4921,4801,4827
2019/10/29,4874,4919,4858,4883
2019/10/28,4839,4875,4806,4825
2019/10/25,4817,4865,4756,4780
2019/10/24,4830,4840,4767,4797
2019/10/23,4810,4824,4758,4806
2019/10/21,4895,4898,4839,4882
2019/10/18,4932,4953,4866,4871
2019/10/17,4842,4919,4842,4914
2019/10/16,4805,4826,4780,4810
2019/10/15,4757,4768,4706,4758
2019/10/11,4686,4719,4667,4694
2019/10/10,4625,4643,4580,4620
2019/10/09,4622,4666,4620,4645
2019/10/08,4674,4683,4644,4663
2019/10/07,4696,4703,4649,4664
2019/10/04,4618,4673,4616,4666
2019/10/03,4559,4624,4551,4613
2019/10/02,4702,4722,4642,4648
2019/10/01,4786,4789,4748,4757
2019/09/30,4754,4789,4738,4751
2019/09/27,4790,4828,4665,4752
2019/09/26,4928,4928,4804,4814
2019/09/25,4780,4886,4772,4875
2019/09/24,4757,4802,4752,4786
2019/09/20,4753,4805,4753,4780
2019/09/19,4792,4794,4724,4750
2019/09/18,4824,4826,4693,4762
2019/09/17,4861,4901,4849,4866
2019/09/13,4868,4879,4840,4858
2019/09/12,4822,4868,4816,4837
2019/09/11,4725,4796,4724,4785
2019/09/10,4748,4784,4714,4720
2019/09/09,4738,4812,4732,4810
2019/09/06,4699,4720,4650,4705
2019/09/05,4583,4747,4575,4722
2019/09/04,4529,4555,4494,4541
2019/09/03,4463,4521,4461,4499
2019/09/02,4441,4480,4435,4449
2019/08/30,4407,4450,4374,4449
2019/08/29,4353,4384,4316,4346
2019/08/28,4311,4352,4306,4331
2019/08/27,4306,4328,4300,4318
2019/08/26,4252,4309,4224,4282
2019/08/23,4290,4366,4282,4325
2019/08/22,4413,4426,4276,4282
2019/08/21,4321,4400,4310,4383
2019/08/20,4324,4362,4291,4357
2019/08/19,4305,4332,4258,4302
2019/08/16,4212,4256,4209,4239
2019/08/15,4204,4269,4182,4250
2019/08/14,4385,4387,4283,4302
2019/08/13,4300,4313,4255,4278
2019/08/09,4309,4364,4299,4334
2019/08/08,4255,4296,4224,4250
2019/08/07,4248,4286,4235,4280
2019/08/06,4050,4203,4036,4193
2019/08/05,4219,4245,4136,4169
2019/08/02,4329,4341,4250,4286
2019/08/01,4408,4436,4364,4413
2019/07/31,4391,4495,4390,4441
2019/07/30,4259,4277,4199,4213
2019/07/29,4248,4283,4195,4211
2019/07/26,4252,4280,4236,4274
2019/07/25,4248,4257,4217,4230
2019/07/24,4286,4290,4250,4261
2019/07/23,4145,4214,4125,4182
2019/07/22,4129,4168,4119,4157
2019/07/19,4094,4178,4093,4162
2019/07/18,4175,4180,4078,4087
2019/07/17,4175,4232,4171,4232
2019/07/16,4225,4244,4151,4166
2019/07/12,4269,4291,4253,4291
2019/07/11,4214,4234,4184,4232
2019/07/10,4167,4222,4153,4213
2019/07/09,4183,4222,4157,4162
2019/07/08,4234,4283,4175,4191
2019/07/05,4177,4212,4172,4193
2019/07/04,4136,4152,4105,4149
2019/07/03,4111,4149,4073,4101
2019/07/02,4064,4078,4037,4059
2019/07/01,4066,4078,4011,4053
2019/06/28,3990,4001,3930,3954
2019/06/27,3933,3960,3902,3958
2019/06/26,3931,3972,3925,3933
2019/06/25,3980,3985,3916,3926
2019/06/24,3976,4012,3960,4005
2019/06/21,4014,4050,3923,3927
2019/06/20,3976,4068,3975,4012
2019/06/19,3961,3979,3933,3977
2019/06/18,3844,3919,3836,3894
2019/06/17,3867,3934,3845,3896
2019/06/14,3749,3831,3729,3796
2019/06/13,3701,3732,3666,3678
2019/06/12,3672,3700,3662,3664
2019/06/11,3686,3727,3683,3704
2019/06/10,3638,3682,3618,3680
2019/06/07,3525,3586,3519,3585
2019/06/06,3531,3561,3513,3513
2019/06/05,3558,3581,3536,3564
2019/06/04,3522,3532,3461,3471
2019/06/03,3515,3593,3513,3523
2019/05/31,3581,3629,3568,3578
2019/05/30,3576,3634,3549,3627
2019/05/29,3645,3655,3599,3607
2019/05/28,3682,3721,3675,3699
2019/05/27,3624,3681,3597,3670
2019/05/24,3566,3656,3545,3622
2019/05/23,3696,3704,3612,3621
2019/05/22,3834,3834,3745,3755
2019/05/21,3874,3884,3763,3774
2019/05/20,3899,3949,3856,3943
2019/05/17,3823,3995,3810,3957
2019/05/16,3637,3637,3573,3596
2019/05/15,3544,3660,3532,3660
2019/05/14,3479,3519,3470,3514
2019/05/13,3566,3606,3547,3581
2019/05/10,3592,3665,3562,3600
2019/05/09,3503,3558,3477,3543
2019/05/08,3583,3613,3536,3563
2019/05/07,3645,3692,3569,3584
2019/04/26,3409,3465,3391,3449
2019/04/25,3448,3480,3425,3473
2019/04/24,3542,3545,3410,3417
2019/04/23,3491,3510,3476,3483
2019/04/22,3479,3522,3472,3493
2019/04/19,3517,3532,3493,3501
2019/04/18,3496,3518,3462,3475
2019/04/17,3507,3546,3484,3511
2019/04/16,3458,3513,3453,3500
2019/04/15,3443,3483,3405,3407
2019/04/12,3367,3404,3337,3390
2019/04/11,3291,3353,3287,3336
2019/04/10,3314,3365,3290,3328
2019/04/09,3341,3406,3284,3406
2019/04/08,3159,3167,3088,3113
2019/04/05,3049,3117,3049,3115
2019/04/04,3032,3052,3001,3011
2019/04/03,3023,3053,3019,3047
2019/04/02,3093,3093,3011,3014
2019/04/01,3029,3071,3019,3058
2019/03/29,3017,3020,2977,2982
2019/03/28,3019,3024,2978,2995
2019/03/27,3059,3063,3010,3050
2019/03/26,2973,3048,2967,3048
2019/03/25,2903,2960,2876,2954
2019/03/22,3036,3049,2982,3000
2019/03/20,3117,3164,3114,3150
2019/03/19,3270,3277,3237,3255
2019/03/18,3243,3267,3225,3265
2019/03/15,3228,3271,3212,3242
2019/03/14,3289,3304,3243,3243
2019/03/13,3254,3291,3226,3262
2019/03/12,3244,3262,3228,3249
2019/03/11,3158,3175,3124,3164
2019/03/08,3232,3273,3181,3183
2019/03/07,3318,3326,3278,3283
2019/03/06,3341,3362,3328,3342
2019/03/05,3311,3345,3299,3334
2019/03/04,3375,3381,3323,3329
2019/03/01,3344,3357,3313,3317
2019/02/28,3365,3373,3324,3329
2019/02/27,3328,3369,3323,3349
2019/02/26,3349,3379,3297,3313
2019/02/25,3317,3350,3311,3337
2019/02/22,3259,3310,3253,3292
2019/02/21,3255,3315,3235,3304
2019/02/20,3188,3261,3186,3259
2019/02/19,3136,3177,3130,3177
2019/02/18,3116,3134,3087,3130
2019/02/15,3077,3117,3057,3105
2019/02/14,3079,3096,3043,3096
2019/02/13,2990,3063,2990,3056
2019/02/12,3032,3039,2952,2974
2019/02/08,3010,3078,2998,3002
2019/02/07,2918,2947,2874,2880
2019/02/06,3075,3082,2946,2953
2019/02/05,3107,3134,3048,3070
2019/02/04,3103,3114,3050,3076
2019/02/01,3343,3384,3317,3342
2019/01/31,3277,3318,3270,3318
2019/01/30,3225,3231,3201,3201
2019/01/29,3233,3256,3197,3238
2019/01/28,3241,3267,3219,3249
2019/01/25,3190,3244,3190,3215
2019/01/24,3161,3186,3145,3171
2019/01/23,3223,3245,3186,3222
2019/01/22,3261,3266,3206,3219
2019/01/21,3310,3317,3254,3266
2019/01/18,3220,3261,3213,3257
2019/01/17,3231,3242,3200,3216
2019/01/16,3275,3280,3182,3206
2019/01/15,3223,3263,3168,3256
2019/01/11,3157,3190,3153,3176
2019/01/10,3190,3211,3115,3128
2019/01/09,3240,3255,3200,3224
2019/01/08,3210,3217,3159,3198
2019/01/07,3211,3258,3170,3191
2019/01/04,3056,3078,2983,3076
2018/12/28,3133,3183,3114,3158
2018/12/27,3198,3200,3126,3188
2018/12/26,2994,3023,2957,3019
2018/12/25,2972,3029,2948,2954
2018/12/21,3142,3151,3004,3125
2018/12/20,3240,3275,3157,3197
2018/12/19,3284,3293,3202,3269
2018/12/18,3357,3379,3281,3284
2018/12/17,3429,3453,3385,3432
2018/12/14,3486,3516,3410,3438
2018/12/13,3519,3523,3459,3492
2018/12/12,3419,3489,3399,3481
2018/12/11,3370,3395,3338,3357
2018/12/10,3348,3372,3324,3330
2018/12/07,3424,3458,3391,3439
2018/12/06,3438,3458,3323,3371
2018/12/05,3402,3495,3396,3461
2018/12/04,3582,3599,3468,3468
2018/12/03,3544,3584,3526,3563
2018/11/30,3428,3457,3397,3452
2018/11/29,3486,3508,3401,3422
2018/11/28,3379,3432,3372,3427
2018/11/27,3360,3384,3330,3365
2018/11/26,3308,3316,3262,3302
2018/11/22,3305,3316,3254,3294
2018/11/21,3208,3316,3192,3289
2018/11/20,3333,3347,3288,3300
2018/11/19,3279,3404,3263,3402
2018/11/16,3357,3393,3278,3284
2018/11/15,3346,3377,3339,3350
2018/11/14,3398,3411,3340,3373
2018/11/13,3313,3413,3302,3393
2018/11/12,3547,3551,3483,3484
2018/11/09,3593,3612,3573,3592
2018/11/08,3608,3619,3566,3596
2018/11/07,3488,3547,3465,3505
2018/11/06,3443,3513,3427,3494
2018/11/05,3486,3542,3445,3445
2018/11/02,3581,3597,3465,3547
2018/11/01,3580,3639,3548,3601
2018/10/31,3566,3592,3458,3514
2018/10/30,3281,3363,3239,3353
2018/10/29,3393,3415,3299,3317
2018/10/26,3454,3457,3295,3334
2018/10/25,3370,3400,3342,3352
2018/10/24,3553,3576,3469,3544
2018/10/23,3561,3608,3523,3528
2018/10/22,3560,3621,3532,3598
2018/10/19,3580,3654,3532,3614
2018/10/18,3707,3715,3650,3657
2018/10/17,3685,3737,3663,3701
2018/10/16,3578,3618,3533,3618
2018/10/15,3557,3598,3533,3538
2018/10/12,3520,3578,3503,3560
2018/10/11,3527,3611,3498,3576
2018/10/10,3748,3756,3696,3734
2018/10/09,3671,3769,3666,3737
2018/10/05,3719,3772,3701,3747
2018/10/04,3830,3870,3754,3756
2018/10/03,3810,3828,3756,3759
2018/10/02,3934,3940,3854,3880
2018/10/01,3910,3930,3884,3904
2018/09/28,3866,3956,3853,3952
2018/09/27,3829,3867,3781,3781
2018/09/26,3805,3845,3785,3838
2018/09/25,3672,3775,3660,3775
2018/09/21,3739,3745,3643,3653
2018/09/20,3741,3763,3717,3726
2018/09/19,3814,3839,3771,3787
2018/09/18,3753,3793,3719,3770
2018/09/14,3670,3763,3662,3757
2018/09/13,3604,3638,3596,3623
2018/09/12,3626,3639,3587,3599
2018/09/11,3579,3598,3559,3589
2018/09/10,3598,3613,3536,3538
2018/09/07,3536,3541,3479,3530
2018/09/06,3507,3583,3498,3563
2018/09/05,3561,3569,3525,3532
2018/09/04,3566,3568,3538,3557
2018/09/03,3606,3608,3538,3557
2018/08/31,3571,3622,3564,3598
2018/08/30,3623,3640,3594,3596
2018/08/29,3527,3578,3514,3567
2018/08/28,3539,3561,3492,3500
2018/08/27,3459,3513,3451,3499
2018/08/24,3411,3434,3401,3434
2018/08/23,3404,3414,3388,3395
2018/08/22,3413,3415,3390,3399
2018/08/21,3421,3424,3384,3389
2018/08/20,3380,3419,3374,3406
2018/08/17,3430,3444,3407,3430
2018/08/16,3351,3385,3300,3378
2018/08/15,3412,3432,3387,3409
2018/08/14,3391,3426,3376,3424
2018/08/13,3424,3445,3340,3364
2018/08/10,3516,3526,3436,3441
2018/08/09,3471,3506,3455,3501
2018/08/08,3478,3493,3463,3469
2018/08/07,3486,3518,3477,3509
2018/08/06,3470,3496,3454,3460
2018/08/03,3542,3553,3473,3483
2018/08/02,3506,3557,3481,3488
2018/08/01,3450,3527,3448,3482
2018/07/31,3316,3353,3292,3326
2018/07/30,3381,3387,3341,3349
2018/07/27,3408,3409,3372,3408
2018/07/26,3408,3411,3384,3398
2018/07/25,3360,3405,3352,3383
2018/07/24,3385,3412,3333,3340
2018/07/23,3355,3405,3355,3371
2018/07/20,3403,3422,3372,3399
2018/07/19,3414,3450,3390,3405
2018/07/18,3489,3499,3419,3427
2018/07/17,3444,3472,3416,3447
2018/07/13,3377,3440,3365,3434
2018/07/12,3334,3387,3323,3330
2018/07/11,3278,3318,3238,3303
2018/07/10,3281,3318,3280,3284
2018/07/09,3162,3280,3152,3279
2018/07/06,3130,3152,3094,3142
2018/07/05,3184,3188,3069,3083
2018/07/04,3244,3262,3176,3194
2018/07/03,3272,3285,3148,3249
2018/07/02,3293,3325,3229,3235
2018/06/29,3292,3303,3262,3278
2018/06/28,3232,3326,3227,3316
2018/06/27,3211,3246,3207,3243
2018/06/26,3142,3189,3117,3183
2018/06/25,3222,3223,3184,3189
2018/06/22,3144,3202,3137,3194
2018/06/21,3229,3239,3192,3192
2018/06/20,3107,3151,3064,3147
2018/06/19,3098,3151,3090,3092
2018/06/18,3144,3149,3114,3126
2018/06/15,3182,3200,3160,3179
2018/06/14,3194,3209,3149,3149
2018/06/13,3215,3222,3188,3218
2018/06/12,3263,3285,3186,3208
2018/06/11,3205,3244,3202,3230
2018/06/08,3228,3243,3197,3198
2018/06/07,3247,3253,3207,3243
2018/06/06,3187,3261,3187,3257
2018/06/05,3175,3184,3151,3172
2018/06/04,3090,3134,3083,3134
2018/06/01,3044,3065,3036,3045
2018/05/31,3030,3048,2992,3047
2018/05/30,2992,3027,2974,3027
2018/05/29,3068,3080,3042,3054
2018/05/28,3047,3080,3042,3071
2018/05/25,3020,3023,2991,3014
2018/05/24,3029,3034,3008,3029
2018/05/23,3092,3099,3057,3062
2018/05/22,3209,3212,3088,3144
2018/05/21,3229,3252,3207,3211
2018/05/18,3225,3258,3213,3232
2018/05/17,3178,3226,3172,3220
2018/05/16,3153,3173,3152,3157
2018/05/15,3145,3164,3142,3157
2018/05/14,3148,3175,3140,3172
2018/05/11,3078,3110,3060,3108
2018/05/10,3115,3119,3066,3071
2018/05/09,3088,3115,3085,3093
2018/05/08,3074,3135,3070,3123
2018/05/07,3133,3153,3116,3137
2018/05/02,3098,3100,3060,3071
2018/05/01,3104,3115,3048,3069
2018/04/27,3303,3305,3252,3271
2018/04/26,3306,3317,3279,3302
2018/04/25,3284,3298,3256,3286
2018/04/24,3283,3307,3256,3307
2018/04/23,3278,3281,3252,3258
2018/04/20,3261,3284,3252,3284
2018/04/19,3310,3313,3276,3280
2018/04/18,3262,3304,3260,3299
2018/04/17,3238,3282,3238,3253
2018/04/16,3237,3265,3231,3243
2018/04/13,3217,3238,3211,3221
2018/04/12,3247,3248,3192,3197
2018/04/11,3282,3299,3239,3246
2018/04/10,3213,3311,3212,3285
2018/04/09,3213,3237,3200,3223
2018/04/06,3228,3253,3218,3219
2018/04/05,3238,3250,3199,3228
2018/04/04,3234,3253,3184,3186
2018/04/03,3167,3213,3160,3198
2018/04/02,3204,3257,3203,3217
2018/03/30,3194,3216,3179,3205
2018/03/29,3209,3212,3150,3187
2018/03/28,3189,3233,3173,3232
2018/03/27,3225,3273,3223,3273
2018/03/26,3146,3182,3106,3182
2018/03/23,3159,3223,3159,3197
2018/03/22,3267,3314,3249,3291
2018/03/20,3207,3237,3158,3233
2018/03/19,3363,3363,3227,3241
2018/03/16,3437,3439,3373,3389
2018/03/15,3407,3452,3405,3442
2018/03/14,3390,3429,3373,3418
2018/03/13,3373,3400,3364,3395
2018/03/12,3447,3469,3347,3364
2018/03/09,3478,3497,3405,3429
2018/03/08,3424,3461,3410,3424
2018/03/07,3348,3443,3343,3390
2018/03/06,3410,3438,3367,3373
2018/03/05,3292,3351,3286,3345
2018/03/02,3314,3379,3312,3355
2018/03/01,3457,3476,3368,3401
2018/02/28,3502,3530,3475,3496
2018/02/27,3507,3518,3481,3500
2018/02/26,3465,3498,3452,3468
2018/02/23,3440,3459,3414,3456
2018/02/22,3465,3509,3418,3458
2018/02/21,3451,3482,3430,3482
2018/02/20,3440,3460,3393,3434
2018/02/19,3414,3450,3399,3445
2018/02/16,3388,3473,3381,3423
2018/02/15,3384,3390,3346,3369
2018/02/14,3323,3365,3266,3312
2018/02/13,3397,3421,3322,3331
2018/02/09,3333,3385,3311,3385
2018/02/08,3571,3607,3440,3486
2018/02/07,3680,3718,3552,3555
2018/02/06,3484,3541,3434,3507
2018/02/05,3686,3733,3622,3665
2018/02/02,3557,3629,3540,3616
2018/02/01,3479,3556,3445,3555
2018/01/31,3406,3483,3404,3444
2018/01/30,3451,3482,3428,3432
2018/01/29,3548,3551,3487,3505
2018/01/26,3554,3585,3508,3511
2018/01/25,3516,3582,3461,3492
2018/01/24,3731,3731,3622,3626
2018/01/23,3767,3829,3745,3825
2018/01/22,3692,3727,3669,3724
2018/01/19,3667,3704,3649,3689
2018/01/18,3713,3721,3636,3652
2018/01/17,3635,3668,3611,3664
2018/01/16,3676,3701,3667,3680
2018/01/15,3725,3747,3671,3678
2018/01/12,3765,3774,3706,3725
2018/01/11,3728,3790,3728,3771
2018/01/10,3760,3809,3738,3781
2018/01/09,3742,3825,3719,3801
2018/01/05,3610,3715,3610,3706
2018/01/04,3566,3586,3541,3586
2017/12/29,3479,3487,3455,3457
2017/12/28,3491,3500,3459,3469
2017/12/27,3493,3518,3487,3493
2017/12/26,3559,3561,3509,3516
2017/12/25,3557,3603,3545,3551
2017/12/22,3514,3557,3514,3557
2017/12/21,3497,3545,3488,3538
2017/12/20,3528,3530,3497,3521
2017/12/19,3544,3548,3516,3520
2017/12/18,3492,3558,3491,3556
2017/12/15,3447,3485,3434,3454
2017/12/14,3456,3483,3452,3466
2017/12/13,3483,3503,3462,3483
2017/12/12,3497,3535,3484,3495
2017/12/11,3601,3602,3503,3515
2017/12/08,3547,3594,3547,3585
2017/12/07,3532,3563,3496,3562
2017/12/06,3585,3601,3496,3503
2017/12/05,3586,3628,3581,3618
2017/12/04,3603,3668,3573,3651
2017/12/01,3666,3669,3563,3604
2017/11/30,3711,3713,3632,3644
2017/11/29,3799,3799,3722,3733
2017/11/28,3752,3777,3721,3745
2017/11/27,3770,3827,3763,3772
2017/11/24,3731,3774,3717,3749
2017/11/22,3733,3774,3707,3728
2017/11/21,3723,3730,3681,3684
2017/11/20,3656,3718,3648,3711
2017/11/17,3752,3802,3676,3692
2017/11/16,3590,3695,3567,3670
2017/11/15,3679,3706,3566,3616
2017/11/14,3680,3741,3640,3713
2017/11/13,3754,3760,3689,3698
2017/11/10,3652,3765,3649,3742
2017/11/09,3902,3902,3690,3728
2017/11/08,3761,3918,3742,3864
2017/11/07,3739,3810,3730,3762
2017/11/06,3651,3758,3651,3739
2017/11/02,3561,3650,3558,3623
2017/11/01,3517,3559,3454,3530
2017/10/31,3132,3182,3121,3171
2017/10/30,3101,3131,3082,3101
2017/10/27,3097,3109,3068,3082
2017/10/26,3057,3084,3051,3079
2017/10/25,3101,3102,3052,3061
2017/10/24,3079,3094,3067,3093
2017/10/23,3104,3110,3088,3095
2017/10/20,3053,3073,3041,3069
2017/10/19,3082,3093,3057,3064
2017/10/18,3028,3078,3027,3068
2017/10/17,3035,3043,2998,3019
2017/10/16,3012,3039,3008,3027
2017/10/13,2965,3006,2943,2996
2017/10/12,2990,2993,2952,2962
2017/10/11,2978,2993,2948,2993
2017/10/10,3033,3034,2992,3014
2017/10/06,3036,3061,3033,3036
2017/10/05,3075,3084,3020,3031
2017/10/04,3101,3102,3076,3091
2017/10/03,3096,3121,3080,3096
2017/10/02,3077,3081,3058,3073
2017/09/29,3051,3085,3047,3078
2017/09/28,3029,3034,3009,3032
2017/09/27,3020,3021,2996,3001
2017/09/26,3033,3041,3013,3022
2017/09/25,3100,3104,3081,3088
2017/09/22,3118,3118,3065,3084
2017/09/21,3143,3147,3097,3100
2017/09/20,3109,3144,3100,3140
2017/09/19,3194,3199,3167,3181
2017/09/15,3114,3154,3111,3145
2017/09/14,3228,3228,3133,3139
2017/09/13,3292,3296,3252,3254
2017/09/12,3316,3323,3259,3284
2017/09/11,3248,3330,3246,3326
2017/09/08,3199,3236,3184,3201
2017/09/07,3192,3199,3162,3174
2017/09/06,3170,3224,3164,3195
2017/09/05,3268,3268,3178,3218
2017/09/04,3261,3268,3234,3267
2017/09/01,3268,3285,3254,3272
2017/08/31,3258,3283,3235,3245
2017/08/30,3183,3247,3174,3236
2017/08/29,3130,3157,3121,3148
2017/08/28,3154,3166,3130,3143
2017/08/25,3133,3166,3129,3151
2017/08/24,3165,3172,3130,3130
2017/08/23,3182,3198,3177,3184
2017/08/22,3146,3184,3140,3152
2017/08/21,3176,3187,3130,3148
2017/08/18,3202,3217,3182,3183
2017/08/17,3263,3278,3256,3262
2017/08/16,3242,3267,3232,3262
2017/08/15,3245,3280,3233,3244
2017/08/14,3172,3236,3167,3214
2017/08/10,3322,3327,3267,3277
2017/08/09,3372,3395,3320,3328
2017/08/08,3362,3404,3358,3383
2017/08/07,3368,3370,3338,3338
2017/08/04,3343,3359,3333,3358
2017/08/03,3344,3361,3309,3348
2017/08/02,3356,3433,3285,3349
2017/08/01,3421,3449,3377,3382
2017/07/31,3423,3466,3410,3445
2017/07/28,3468,3484,3430,3442
2017/07/27,3453,3507,3447,3490
2017/07/26,3416,3438,3401,3438
2017/07/25,3406,3421,3388,3397
2017/07/24,3408,3418,3387,3412
2017/07/21,3451,3457,3437,3454
2017/07/20,3438,3467,3434,3452
2017/07/19,3419,3430,3412,3425
2017/07/18,3442,3442,3408,3433
2017/07/14,3442,3455,3426,3429
2017/07/13,3431,3453,3406,3415
2017/07/12,3384,3417,3372,3415
2017/07/11,3328,3393,3325,3387
2017/07/10,3286,3311,3275,3296
2017/07/07,3207,3245,3204,3241
2017/07/06,3262,3265,3232,3253
2017/07/05,3224,3263,3205,3263
2017/07/04,3308,3317,3229,3238
2017/07/03,3292,3316,3278,3295
2017/06/30,3274,3291,3263,3277
2017/06/29,3348,3372,3328,3339
2017/06/28,3305,3320,3287,3311
2017/06/27,3328,3330,3300,3328
2017/06/26,3275,3309,3274,3290
2017/06/23,3291,3297,3269,3273
2017/06/22,3262,3302,3253,3274
2017/06/21,3274,3275,3224,3238
2017/06/20,3309,3327,3276,3277
2017/06/19,3177,3287,3167,3286
2017/06/16,3160,3178,3149,3169
2017/06/15,3112,3177,3111,3171
2017/06/14,3130,3146,3111,3111
2017/06/13,3116,3117,3085,3094
2017/06/12,3091,3118,3082,3116
2017/06/09,3160,3178,3136,3155
2017/06/08,3189,3205,3147,3155
2017/06/07,3186,3189,3133,3163
2017/06/06,3216,3216,3179,3194
2017/06/05,3188,3209,3162,3200
2017/06/02,3105,3188,3104,3188
2017/06/01,3066,3091,3060,3088
2017/05/31,3104,3118,3090,3092
2017/05/30,3095,3097,3043,3090
2017/05/29,3093,3123,3085,3095
2017/05/26,3088,3090,3066,3072
2017/05/25,3068,3074,3049,3066
2017/05/24,3085,3109,3055,3063
2017/05/23,3026,3049,3014,3032
2017/05/22,3046,3050,2994,3021
2017/05/19,3018,3046,3011,3016
2017/05/18,3025,3057,3011,3019
2017/05/17,3094,3105,3076,3088
2017/05/16,3091,3105,3074,3080
2017/05/15,3067,3080,3049,3066
2017/05/12,3103,3108,3080,3097
2017/05/11,3124,3130,3102,3117
2017/05/10,3097,3127,3092,3122
2017/05/09,3052,3120,3051,3078
2017/05/08,2990,3057,2983,3050
2017/05/02,2951,2962,2928,2945
2017/05/01,2919,2979,2915,2960
2017/04/28,2884,2889,2854,2872
2017/04/27,2863,2900,2854,2873
2017/04/26,2859,2862,2832,2857
2017/04/25,2838,2852,2820,2836
2017/04/24,2854,2867,2833,2846
2017/04/21,2746,2752,2719,2740
2017/04/20,2659,2748,2655,2723
2017/04/19,2638,2685,2636,2672
2017/04/18,2642,2662,2627,2633
2017/04/17,2595,2645,2591,2630
2017/04/14,2629,2633,2597,2605
2017/04/13,2604,2630,2591,2622
2017/04/12,2632,2645,2604,2630
2017/04/11,2696,2697,2666,2685
2017/04/10,2695,2710,2685,2700
2017/04/07,2719,2719,2670,2694
2017/04/06,2733,2748,2688,2699
2017/04/05,2785,2808,2753,2773
2017/04/04,2773,2811,2759,2786
2017/04/03,2824,2826,2764,2777
2017/03/31,2841,2873,2839,2853
2017/03/30,2811,2830,2809,2827
2017/03/29,2747,2816,2746,2803
2017/03/28,2708,2730,2708,2726
2017/03/27,2698,2717,2687,2704
2017/03/24,2673,2736,2664,2722
2017/03/23,2685,2697,2659,2673
2017/03/22,2701,2709,2675,2681
2017/03/21,2752,2754,2724,2735
2017/03/17,2723,2754,2716,2742
2017/03/16,2697,2730,2697,2725
2017/03/15,2710,2716,2698,2712
2017/03/14,2745,2750,2722,2733
2017/03/13,2734,2754,2718,2750
2017/03/10,2726,2751,2713,2749
2017/03/09,2650,2660,2644,2650
2017/03/08,2633,2639,2610,2634
2017/03/07,2648,2652,2631,2639
2017/03/06,2686,2692,2659,2665
2017/03/03,2708,2730,2685,2695
2017/03/02,2686,2702,2667,2679
2017/03/01,2608,2646,2607,2636
2017/02/28,2592,2636,2592,2596
2017/02/27,2567,2592,2558,2576
2017/02/24,2618,2627,2595,2598
2017/02/23,2616,2624,2606,2617
2017/02/22,2655,2671,2623,2630
2017/02/21,2614,2625,2595,2617
2017/02/20,2618,2622,2600,2605
2017/02/17,2617,2643,2609,2632
2017/02/16,2669,2669,2623,2639
2017/02/15,2669,2669,2648,2663
2017/02/14,2669,2669,2641,2643
2017/02/13,2666,2673,2638,2652
2017/02/10,2662,2665,2640,2652
2017/02/09,2630,2648,2614,2628
2017/02/08,2643,2645,2617,2634
2017/02/07,2665,2670,2645,2651
2017/02/06,2638,2656,2628,2641
2017/02/03,2600,2646,2578,2600
2017/02/02,2511,2522,2461,2474
2017/02/01,2458,2511,2458,2501
2017/01/31,2464,2530,2464,2508
2017/01/30,2546,2567,2535,2564
2017/01/27,2582,2589,2551,2563
2017/01/26,2557,2575,2546,2572
2017/01/25,2529,2534,2497,2514
2017/01/24,2510,2530,2486,2492
2017/01/23,2528,2529,2489,2499
2017/01/20,2537,2541,2514,2526
2017/01/19,2561,2561,2519,2542
2017/01/18,2504,2537,2492,2529
2017/01/17,2548,2588,2531,2540
2017/01/16,2547,2575,2538,2545
2017/01/13,2554,2567,2531,2567
2017/01/12,2546,2574,2529,2552
2017/01/11,2500,2562,2499,2533
2017/01/10,2411,2479,2411,2447
2017/01/06,2396,2429,2384,2388
2017/01/05,2399,2400,2351,2370
2017/01/04,2374,2394,2352,2394
2016/12/30,2376,2376,2340,2350
2016/12/29,2387,2388,2340,2364
2016/12/28,2378,2411,2376,2389
2016/12/27,2373,2385,2365,2376
2016/12/26,2393,2403,2378,2380
2016/12/22,2387,2390,2369,2383
2016/12/21,2407,2411,2375,2376
2016/12/20,2394,2401,2370,2392
2016/12/19,2403,2418,2398,2402
2016/12/16,2412,2422,2368,2375
2016/12/15,2402,2405,2380,2390
2016/12/14,2391,2402,2378,2386
2016/12/13,2356,2398,2350,2388
2016/12/12,2392,2393,2353,2376
2016/12/09,2316,2384,2309,2374
2016/12/08,2275,2309,2260,2296
2016/12/07,2256,2259,2244,2249
2016/12/06,2254,2258,2233,2240
2016/12/05,2221,2238,2206,2216
2016/12/02,2228,2235,2196,2219
2016/12/01,2308,2313,2268,2272
2016/11/30,2316,2326,2287,2296
2016/11/29,2286,2314,2286,2309
2016/11/28,2281,2319,2280,2315
2016/11/25,2321,2336,2300,2315
2016/11/24,2334,2338,2315,2316
2016/11/22,2304,2331,2301,2327
2016/11/21,2258,2288,2255,2286
2016/11/18,2232,2246,2221,2238
2016/11/17,2206,2230,2194,2228
2016/11/16,2221,2229,2206,2211
2016/11/15,2221,2223,2185,2206
2016/11/14,2220,2246,2211,2243
2016/11/11,2203,2215,2183,2197
2016/11/10,2236,2236,2174,2200
2016/11/09,2198,2205,2007,2070
2016/11/08,2163,2183,2161,2178
2016/11/07,2198,2202,2142,2150
2016/11/04,2182,2185,2135,2165
2016/11/02,2233,2245,2214,2223
2016/11/01,2238,2270,2232,2269
2016/10/31,2244,2284,2238,2282
2016/10/28,2248,2251,2224,2237
2016/10/27,2233,2252,2228,2235
2016/10/26,2239,2250,2220,2248
2016/10/25,2249,2251,2231,2248
2016/10/24,2248,2249,2230,2236
2016/10/21,2279,2283,2225,2235
2016/10/20,2278,2300,2268,2287
2016/10/19,2328,2332,2283,2283
2016/10/18,2300,2326,2292,2326
2016/10/17,2301,2308,2267,2292
2016/10/14,2328,2333,2293,2297
2016/10/13,2282,2316,2278,2286
2016/10/12,2253,2264,2243,2254
2016/10/11,2261,2285,2253,2270
2016/10/07,2258,2258,2218,2224
2016/10/06,2266,2267,2241,2244
2016/10/05,2238,2245,2217,2245
2016/10/04,2216,2233,2211,2228
2016/10/03,2200,2206,2186,2201
2016/09/30,2201,2206,2170,2170
2016/09/29,2219,2239,2203,2226
2016/09/28,2225,2227,2196,2213
2016/09/27,2165,2217,2165,2216
2016/09/26,2226,2234,2205,2215
2016/09/23,2224,2243,2217,2224
2016/09/21,2165,2203,2139,2203
2016/09/20,2137,2200,2135,2165
2016/09/16,2147,2147,2124,2129
2016/09/15,2139,2153,2123,2132
2016/09/14,2142,2165,2136,2154
2016/09/13,2149,2192,2145,2163
2016/09/12,2135,2159,2117,2127
2016/09/09,2204,2204,2178,2190
2016/09/08,2217,2219,2185,2201
2016/09/07,2201,2219,2197,2214
2016/09/06,2188,2219,2188,2209
2016/09/05,2182,2213,2171,2184
2016/09/02,2119,2157,2114,2148
2016/09/01,2130,2133,2109,2113
2016/08/31,2142,2148,2123,2126
2016/08/30,2140,2141,2114,2123
2016/08/29,2147,2157,2126,2133
2016/08/26,2151,2151,2119,2120
2016/08/25,2125,2149,2117,2142
2016/08/24,2116,2148,2110,2140
2016/08/23,2099,2109,2078,2092
2016/08/22,2073,2106,2071,2100
2016/08/19,2086,2087,2053,2068
2016/08/18,2032,2097,2019,2063
2016/08/17,2068,2084,2019,2049
2016/08/16,2080,2104,2070,2072
2016/08/15,2104,2104,2064,2072
2016/08/12,2115,2118,2089,2100
2016/08/10,2120,2127,2101,2112
2016/08/09,2066,2110,2056,2110
2016/08/08,2086,2086,2041,2058
2016/08/05,2063,2076,2047,2053
2016/08/04,2045,2063,2017,2041
2016/08/03,2037,2056,2027,2032
2016/08/02,2061,2082,2047,2063
2016/08/01,2077,2106,2065,2070
2016/07/29,2012,2032,1975,2032
2016/07/28,1978,1987,1956,1973
2016/07/27,1966,2012,1962,1991
2016/07/26,1937,1961,1920,1948
2016/07/25,1970,1984,1943,1945
2016/07/22,1956,1984,1952,1964
2016/07/21,2008,2016,1966,1972
2016/07/20,1985,1996,1965,1981
2016/07/19,1970,1995,1953,1981
2016/07/15,1950,1971,1932,1943
2016/07/14,1892,1930,1889,1930
2016/07/13,1939,1955,1870,1874
2016/07/12,1930,1936,1890,1912
2016/07/11,1871,1923,1861,1905
2016/07/08,1845,1862,1826,1829
2016/07/07,1846,1872,1832,1840
2016/07/06,1809,1834,1788,1834
2016/07/05,1838,1843,1811,1836
2016/07/04,1823,1848,1807,1835
2016/07/01,1825,1837,1804,1814
2016/06/30,1831,1860,1800,1800
2016/06/29,1754,1791,1740,1782
2016/06/28,1655,1717,1653,1698
2016/06/27,1686,1691,1653,1670
2016/06/24,1825,1829,1618,1664
2016/06/23,1804,1808,1792,1806
2016/06/22,1811,1814,1788,1796
2016/06/21,1757,1836,1755,1828
2016/06/20,1767,1799,1756,1782
2016/06/17,1750,1764,1713,1727
2016/06/16,1771,1779,1709,1714
2016/06/15,1748,1778,1737,1768
2016/06/14,1733,1764,1715,1746
2016/06/13,1778,1784,1732,1738
2016/06/10,1823,1836,1797,1807
2016/06/09,1840,1845,1809,1819
2016/06/08,1843,1843,1812,1842
2016/06/07,1838,1843,1821,1831
2016/06/06,1769,1821,1766,1819
2016/06/03,1788,1824,1788,1810
2016/06/02,1796,1812,1778,1779
2016/06/01,1825,1826,1792,1806
2016/05/31,1802,1827,1793,1820
2016/05/30,1815,1817,1797,1808
2016/05/27,1812,1812,1786,1804
2016/05/26,1817,1826,1783,1798
2016/05/25,1782,1810,1770,1797
2016/05/24,1689,1695,1661,1686
2016/05/23,1703,1716,1677,1695
2016/05/20,1679,1711,1677,1701
2016/05/19,1728,1734,1667,1679
2016/05/18,1682,1721,1665,1714
2016/05/17,1667,1683,1634,1665
2016/05/16,1661,1682,1638,1662
2016/05/13,1669,1692,1658,1682
2016/05/12,1566,1655,1555,1653
2016/05/11,1594,1610,1570,1582
2016/05/10,1519,1561,1512,1553
2016/05/09,1500,1537,1485,1506
2016/05/06,1503,1506,1469,1482
2016/05/02,1505,1553,1500,1540
2016/04/28,1639,1671,1591,1603
2016/04/27,1637,1644,1622,1636
2016/04/26,1635,1660,1628,1642
2016/04/25,1702,1706,1624,1633
2016/04/22,1704,1738,1694,1736
2016/04/21,1758,1768,1743,1765
2016/04/20,1696,1744,1696,1739
2016/04/19,1657,1685,1644,1673
2016/04/18,1598,1618,1553,1570
2016/04/15,1718,1723,1677,1683
2016/04/14,1748,1754,1725,1738
2016/04/13,1742,1758,1693,1730
2016/04/12,1678,1743,1675,1736
2016/04/11,1625,1699,1615,1696
2016/04/08,1572,1655,1569,1634
2016/04/07,1606,1630,1598,1611
2016/04/06,1628,1652,1619,1628
2016/04/05,1628,1671,1625,1645
2016/04/04,1569,1641,1566,1632
2016/04/01,1628,1633,1569,1575
2016/03/31,1653,1678,1647,1649
2016/03/30,1677,1683,1634,1637
2016/03/29,1650,1676,1646,1676
2016/03/28,1650,1665,1634,1665
2016/03/25,1642,1658,1628,1648
2016/03/24,1631,1663,1606,1628
2016/03/23,1674,1690,1650,1655
2016/03/22,1694,1699,1641,1669
2016/03/18,1671,1679,1640,1668
2016/03/17,1660,1702,1645,1660
2016/03/16,1599,1655,1599,1637
2016/03/15,1584,1606,1568,1586
2016/03/14,1589,1618,1579,1588
2016/03/11,1525,1572,1523,1562
2016/03/10,1509,1562,1508,1556
2016/03/09,1445,1496,1430,1493
2016/03/08,1467,1486,1424,1457
2016/03/07,1477,1491,1460,1482
2016/03/04,1428,1471,1425,1470
2016/03/03,1394,1442,1375,1428
2016/03/02,1400,1424,1383,1412
2016/03/01,1344,1354,1311,1341
2016/02/29,1382,1408,1352,1352
2016/02/26,1368,1382,1351,1352
2016/02/25,1357,1371,1333,1350
2016/02/24,1352,1389,1337,1359
2016/02/23,1420,1422,1365,1380
2016/02/22,1400,1427,1384,1409
2016/02/19,1433,1436,1403,1418
2016/02/18,1473,1478,1449,1455
2016/02/17,1407,1466,1380,1406
2016/02/16,1360,1433,1350,1407
2016/02/15,1343,1403,1336,1386
2016/02/12,1271,1325,1246,1279
2016/02/10,1354,1416,1303,1327
2016/02/09,1374,1385,1336,1354
2016/02/08,1451,1469,1426,1456
2016/02/05,1470,1496,1463,1483
2016/02/04,1475,1507,1475,1486
2016/02/03,1490,1506,1481,1488
2016/02/02,1577,1596,1510,1528
2016/02/01,1659,1659,1532,1610
2016/01/29,1360,1436,1351,1432
2016/01/28,1387,1401,1341,1350
2016/01/27,1410,1433,1407,1427
2016/01/26,1404,1407,1379,1381
2016/01/25,1458,1460,1426,1442
2016/01/22,1439,1444,1407,1438
2016/01/21,1422,1466,1382,1382
2016/01/20,1473,1480,1395,1396
2016/01/19,1476,1522,1470,1518
2016/01/18,1442,1501,1438,1493
2016/01/15,1496,1509,1460,1471
2016/01/14,1489,1501,1468,1494
2016/01/13,1551,1585,1540,1568
2016/01/12,1568,1582,1522,1526
2016/01/08,1573,1652,1567,1612
2016/01/07,1598,1618,1571,1597
2016/01/06,1722,1722,1635,1656
2016/01/05,1704,1715,1675,1694
2016/01/04,1692,1754,1682,1692
2015/12/30,1709,1737,1706,1718
2015/12/29,1701,1710,1685,1706
2015/12/28,1688,1713,1672,1709
2015/12/25,1679,1689,1669,1682
2015/12/24,1721,1727,1687,1693
2015/12/22,1694,1695,1669,1673
2015/12/21,1696,1704,1659,1691
2015/12/18,1769,1792,1723,1724
2015/12/17,1792,1814,1770,1771
2015/12/16,1728,1742,1722,1731
2015/12/15,1724,1729,1698,1700
2015/12/14,1701,1744,1699,1739
2015/12/11,1726,1782,1726,1755
2015/12/10,1730,1741,1721,1736
2015/12/09,1753,1772,1737,1750
2015/12/08,1800,1812,1773,1781
2015/12/07,1808,1829,1808,1812
2015/12/04,1802,1808,1779,1791
2015/12/03,1818,1845,1814,1837
2015/12/02,1825,1860,1825,1839
2015/12/01,1860,1893,1849,1875
2015/11/30,1879,1886,1830,1847
2015/11/27,1912,1912,1890,1900
2015/11/26,1917,1920,1882,1888
2015/11/25,1924,1930,1889,1892
2015/11/24,1912,1941,1907,1930
2015/11/20,1915,1919,1876,1919
2015/11/19,1950,1950,1920,1928
2015/11/18,1939,1946,1919,1924
2015/11/17,1967,1973,1918,1922
2015/11/16,1934,1959,1927,1947
2015/11/13,2013,2024,1985,1989
2015/11/12,2061,2072,2025,2044
2015/11/11,2041,2058,2031,2058
2015/11/10,2026,2043,2019,2040
2015/11/09,2033,2061,2020,2051
2015/11/06,2035,2041,1996,2009
2015/11/05,2053,2058,2023,2033
2015/11/04,2070,2075,2028,2033
2015/11/02,2023,2051,2020,2033
2015/10/30,2024,2096,1999,2064
2015/10/29,2079,2090,2050,2058
2015/10/28,2037,2055,2024,2042
2015/10/27,2066,2069,2019,2037
2015/10/26,2089,2126,2084,2089
2015/10/23,2080,2082,2040,2040
2015/10/22,2032,2048,2022,2030
2015/10/21,1980,2049,1969,2041
2015/10/20,1969,1972,1953,1957
2015/10/19,1966,1983,1940,1957
2015/10/16,1940,1964,1928,1950
2015/10/15,1849,1912,1834,1911
2015/10/14,1901,1910,1868,1882
2015/10/13,1938,1967,1925,1930
2015/10/09,1905,1938,1884,1937
2015/10/08,1953,1969,1893,1904
2015/10/07,1910,1945,1901,1938
2015/10/06,1938,1950,1904,1911
2015/10/05,1893,1943,1890,1905
2015/10/02,1798,1894,1791,1878
2015/10/01,1774,1845,1770,1821
2015/09/30,1737,1782,1729,1764
2015/09/29,1768,1768,1671,1678
2015/09/28,1849,1865,1809,1828
2015/09/25,1850,1903,1818,1898
2015/09/24,1849,1886,1849,1854
2015/09/18,1956,1970,1908,1909
2015/09/17,1930,1989,1929,1979
2015/09/16,1910,1947,1893,1903
2015/09/15,1917,1941,1883,1883
2015/09/14,1966,1972,1912,1921
2015/09/11,1910,1990,1903,1962
2015/09/10,1866,1955,1856,1936
2015/09/09,1867,1927,1849,1927
2015/09/08,1830,1843,1767,1777
2015/09/07,1825,1857,1787,1838
2015/09/04,1908,1915,1810,1843
2015/09/03,1919,1939,1881,1884
2015/09/02,1858,1925,1836,1882
2015/09/01,1950,1985,1905,1905
2015/08/31,1957,2019,1933,1977
2015/08/28,1978,2000,1948,1984
2015/08/27,1933,1966,1908,1913
2015/08/26,1821,1882,1784,1860
2015/08/25,1717,1899,1706,1782
2015/08/24,1889,1905,1772,1791
2015/08/21,1949,1995,1930,1949
2015/08/20,2087,2098,2040,2040
2015/08/19,2120,2155,2105,2107
2015/08/18,2108,2147,2105,2132
2015/08/17,2151,2152,2096,2108
2015/08/14,2135,2154,2135,2139
2015/08/13,2119,2162,2117,2142
2015/08/12,2210,2210,2113,2131
2015/08/11,2180,2228,2175,2205
2015/08/10,2129,2147,2111,2147
2015/08/07,2129,2158,2114,2143
2015/08/06,2189,2205,2136,2140
2015/08/05,2212,2221,2139,2154
2015/08/04,2212,2256,2174,2198
2015/08/03,2286,2296,2224,2232
2015/07/31,2309,2322,2249,2279
2015/07/30,2371,2382,2302,2316
2015/07/29,2362,2376,2323,2368
2015/07/28,2307,2354,2278,2333
2015/07/27,2363,2402,2351,2357
2015/07/24,2375,2417,2353,2401
2015/07/23,2323,2384,2318,2383
2015/07/22,2288,2330,2287,2302
2015/07/21,2290,2337,2272,2337
2015/07/17,2279,2306,2267,2299
2015/07/16,2250,2276,2243,2276
2015/07/15,2296,2300,2258,2265
2015/07/14,2338,2351,2254,2289
2015/07/13,2303,2364,2300,2320
2015/07/10,2244,2292,2235,2253
2015/07/09,2134,2247,2130,2243
2015/07/08,2277,2304,2195,2195
2015/07/07,2292,2333,2284,2285
2015/07/06,2290,2300,2244,2269
2015/07/03,2324,2333,2306,2326
2015/07/02,2341,2352,2318,2337
2015/07/01,2331,2372,2307,2312
2015/06/30,2499,2501,2287,2308
2015/06/29,2492,2548,2492,2520
2015/06/26,2592,2612,2572,2594
2015/06/25,2559,2614,2553,2599
2015/06/24,2575,2581,2547,2563
2015/06/23,2539,2571,2524,2571
2015/06/22,2471,2546,2468,2511
2015/06/19,2498,2516,2464,2464
2015/06/18,2494,2513,2473,2483
2015/06/17,2549,2558,2481,2500
2015/06/16,2566,2572,2539,2546
2015/06/15,2533,2592,2523,2586
2015/06/12,2580,2580,2546,2571
2015/06/11,2522,2576,2518,2556
2015/06/10,2458,2531,2454,2487
2015/06/09,2490,2500,2455,2459
2015/06/08,2573,2576,2507,2522
2015/06/05,2553,2565,2532,2553
2015/06/04,2580,2610,2567,2584
2015/06/03,2601,2612,2568,2575
2015/06/02,2641,2650,2606,2614
2015/06/01,2627,2637,2598,2629
2015/05/29,2656,2665,2643,2660
2015/05/28,2662,2688,2638,2646
2015/05/27,2672,2688,2640,2644
2015/05/26,2718,2722,2678,2703
2015/05/25,2680,2734,2670,2722
2015/05/22,2643,2668,2609,2665
2015/05/21,2713,2731,2674,2676
2015/05/20,2752,2761,2710,2717
2015/05/19,2724,2765,2704,2756
2015/05/18,2730,2744,2703,2720
2015/05/15,2689,2721,2685,2718
2015/05/14,2684,2719,2664,2668
2015/05/13,2650,2741,2630,2718
2015/05/12,2648,2695,2615,2688
2015/05/11,2574,2630,2566,2617
2015/05/08,2537,2571,2520,2547
2015/05/07,2541,2545,2457,2541
2015/05/01,2543,2563,2503,2558
2015/04/30,2582,2622,2556,2572
2015/04/28,2635,2637,2593,2609
2015/04/27,2629,2650,2574,2639
2015/04/24,2606,2678,2575,2649
2015/04/23,2696,2696,2541,2565
2015/04/22,2612,2660,2595,2611
2015/04/21,2582,2623,2556,2618
2015/04/20,2528,2600,2514,2575
2015/04/17,2599,2601,2529,2535
2015/04/16,2709,2733,2623,2636
2015/04/15,2663,2707,2659,2702
2015/04/14,2618,2684,2596,2684
2015/04/13,2635,2677,2605,2630
2015/04/10,2608,2654,2580,2638
2015/04/09,2550,2603,2532,2600
2015/04/08,2546,2582,2522,2535
2015/04/07,2556,2567,2498,2513
2015/04/06,2467,2531,2461,2510
2015/04/03,2421,2499,2413,2490
2015/04/02,2354,2441,2336,2410
2015/04/01,2317,2362,2311,2340
2015/03/31,2378,2382,2305,2310
2015/03/30,2298,2351,2266,2327
2015/03/27,2321,2359,2291,2320
2015/03/26,2324,2330,2295,2299
2015/03/25,2428,2429,2361,2381
2015/03/24,2408,2438,2375,2408
2015/03/23,2471,2515,2431,2438
2015/03/20,2488,2490,2446,2451
2015/03/19,2460,2490,2405,2470
2015/03/18,2376,2496,2376,2493
2015/03/17,2278,2372,2226,2368
2015/03/16,2344,2344,2267,2273
2015/03/13,2369,2388,2347,2364
2015/03/12,2391,2412,2352,2395
2015/03/11,2352,2422,2338,2393
2015/03/10,2422,2432,2361,2387
2015/03/09,2448,2449,2412,2418
2015/03/06,2470,2474,2449,2460
2015/03/05,2440,2468,2434,2467
2015/03/04,2456,2471,2419,2456
2015/03/03,2480,2501,2436,2473
2015/03/02,2508,2516,2462,2475
2015/02/27,2473,2529,2456,2529
2015/02/26,2410,2483,2407,2481
2015/02/25,2444,2455,2405,2433
2015/02/24,2391,2433,2381,2433
2015/02/23,2404,2415,2365,2382
2015/02/20,2417,2420,2355,2381
2015/02/19,2456,2457,2398,2402
2015/02/18,2360,2412,2340,2365
2015/02/17,2353,2354,2315,2330
2015/02/16,2439,2449,2346,2346
2015/02/13,2416,2431,2389,2405
2015/02/12,2355,2429,2353,2415
2015/02/10,2300,2316,2263,2299
2015/02/09,2321,2339,2272,2294
2015/02/06,2326,2396,2300,2351
2015/02/05,2279,2451,2247,2325
2015/02/04,2066,2094,2044,2078
2015/02/03,2065,2075,2019,2025
2015/02/02,2038,2065,2010,2028
2015/01/30,2105,2127,2083,2086
2015/01/29,2088,2134,2063,2088
2015/01/28,2055,2153,2040,2126
2015/01/27,2092,2131,2049,2071
2015/01/26,2034,2088,2027,2077
2015/01/23,1999,2070,1976,2065
2015/01/22,1954,2005,1944,1971
2015/01/21,1866,1965,1863,1962
2015/01/20,1836,1864,1812,1861
2015/01/19,1834,1852,1816,1848
2015/01/16,1836,1844,1779,1804
2015/01/15,1857,1901,1857,1893
2015/01/14,1894,1937,1841,1843
2015/01/13,1911,1913,1882,1910
2015/01/09,1959,1994,1953,1971
2015/01/08,1943,1983,1918,1946
2015/01/07,1839,1966,1838,1938
2015/01/06,1822,1873,1820,1853
2015/01/05,1878,1884,1830,1876
2014/12/30,1935,1938,1879,1879
2014/12/29,1947,1952,1917,1948
2014/12/26,1949,1962,1925,1941
2014/12/25,1949,1953,1936,1946
2014/12/24,1925,1958,1914,1956
2014/12/22,1866,1889,1861,1882
2014/12/19,1915,1922,1829,1864
2014/12/18,1841,1898,1827,1890
2014/12/17,1770,1813,1765,1804
2014/12/16,1775,1811,1767,1778
2014/12/15,1839,1844,1791,1796
2014/12/12,1870,1889,1844,1863
2014/12/11,1856,1902,1825,1882
2014/12/10,1897,1922,1876,1913
2014/12/09,1949,1952,1890,1900
2014/12/08,2053,2055,1977,1980
2014/12/05,2024,2062,2023,2047
2014/12/04,2011,2032,1987,2021
2014/12/03,2020,2028,1974,1986
2014/12/02,1989,2011,1968,2007
2014/12/01,2009,2053,1982,2020
2014/11/28,1921,1990,1919,1990
2014/11/27,1926,1935,1912,1914
2014/11/26,1949,1967,1935,1951
2014/11/25,1941,1978,1927,1978
2014/11/21,1861,1881,1818,1864
2014/11/20,1881,1883,1838,1846
2014/11/19,1915,1927,1855,1870
2014/11/18,1843,1904,1834,1899
2014/11/17,1843,1846,1781,1785
2014/11/14,1828,1840,1810,1840
2014/11/13,1815,1822,1796,1801
2014/11/12,1820,1834,1810,1813
2014/11/11,1801,1822,1791,1804
2014/11/10,1726,1797,1722,1797
2014/11/07,1748,1762,1720,1731
2014/11/06,1761,1767,1708,1710
2014/11/05,1745,1772,1728,1770
2014/11/04,1747,1778,1738,1764
2014/10/31,1556,1613,1544,1588
2014/10/30,1530,1575,1510,1575
2014/10/29,1464,1536,1461,1534
2014/10/28,1438,1463,1434,1455
2014/10/27,1462,1468,1441,1443
2014/10/24,1479,1481,1440,1445
2014/10/23,1454,1467,1441,1456
2014/10/22,1428,1465,1415,1462
2014/10/21,1435,1441,1411,1414
2014/10/20,1415,1442,1402,1436
2014/10/17,1390,1411,1376,1382
2014/10/16,1381,1394,1364,1370
2014/10/15,1401,1437,1395,1415
2014/10/14,1408,1419,1373,1394
2014/10/10,1415,1451,1414,1440
2014/10/09,1464,1472,1438,1440
2014/10/08,1433,1471,1432,1464
2014/10/07,1479,1486,1458,1462
2014/10/06,1476,1492,1454,1480
2014/10/03,1454,1471,1430,1448
2014/10/02,1478,1493,1451,1454
2014/10/01,1512,1534,1501,1503
2014/09/30,1493,1526,1485,1520
2014/09/29,1469,1502,1460,1495
2014/09/26,1434,1450,1434,1448
2014/09/25,1439,1459,1434,1449
2014/09/24,1433,1438,1423,1428
2014/09/22,1464,1472,1436,1445
2014/09/19,1478,1487,1447,1463
2014/09/18,1420,1489,1404,1477
2014/09/17,1641,1645,1613,1616
2014/09/16,1618,1653,1613,1645
2014/09/12,1638,1649,1611,1617
2014/09/11,1573,1610,1572,1599
2014/09/10,1551,1563,1547,1556
2014/09/09,1544,1560,1539,1550
2014/09/08,1537,1543,1519,1531
2014/09/05,1568,1569,1521,1529
2014/09/04,1569,1574,1555,1558
2014/09/03,1552,1578,1548,1571
2014/09/02,1536,1543,1523,1529
2014/09/01,1500,1529,1498,1525
2014/08/29,1485,1513,1484,1505
2014/08/28,1478,1494,1474,1486
2014/08/27,1473,1490,1471,1478
2014/08/26,1489,1495,1475,1477
2014/08/25,1483,1497,1482,1488
2014/08/22,1482,1490,1469,1474
2014/08/21,1468,1474,1456,1471
2014/08/20,1455,1464,1449,1459
2014/08/19,1428,1441,1423,1440
2014/08/18,1419,1427,1410,1412
2014/08/15,1398,1415,1397,1408
2014/08/14,1374,1395,1372,1378
2014/08/13,1335,1373,1335,1362
2014/08/12,1329,1340,1327,1331
2014/08/11,1332,1334,1315,1321
2014/08/08,1329,1335,1296,1307
2014/08/07,1359,1360,1322,1337
2014/08/06,1374,1374,1346,1355
2014/08/05,1389,1398,1378,1381
2014/08/04,1370,1402,1367,1393
2014/08/01,1402,1407,1367,1384
2014/07/31,1340,1345,1319,1321
2014/07/30,1324,1338,1323,1334
2014/07/29,1336,1346,1322,1327
2014/07/28,1334,1352,1331,1337
2014/07/25,1309,1333,1309,1331
2014/07/24,1270,1311,1266,1293
2014/07/23,1253,1263,1249,1260
2014/07/22,1246,1254,1244,1245
2014/07/18,1243,1245,1233,1243
2014/07/17,1253,1264,1246,1248
2014/07/16,1240,1244,1233,1241
2014/07/15,1242,1244,1234,1236
2014/07/14,1238,1241,1232,1239
2014/07/11,1236,1239,1226,1233
2014/07/10,1245,1252,1242,1242
2014/07/09,1248,1250,1242,1247
2014/07/08,1259,1266,1252,1262
2014/07/07,1261,1274,1257,1269
2014/07/04,1262,1266,1258,1261
2014/07/03,1252,1253,1237,1242
2014/07/02,1266,1270,1255,1259
2014/07/01,1240,1257,1235,1246
2014/06/30,1236,1239,1223,1228
2014/06/27,1233,1238,1216,1224
2014/06/26,1245,1248,1235,1240
2014/06/25,1233,1249,1231,1239
2014/06/24,1237,1246,1230,1241
2014/06/23,1254,1262,1231,1245
2014/06/20,1238,1244,1227,1236
2014/06/19,1200,1250,1199,1235
2014/06/18,1187,1192,1184,1189
2014/06/17,1192,1193,1180,1183
2014/06/16,1194,1208,1185,1190
2014/06/13,1172,1188,1172,1186
2014/06/12,1175,1181,1168,1180
2014/06/11,1185,1187,1167,1176
2014/06/10,1195,1200,1179,1183
2014/06/09,1191,1201,1186,1190
2014/06/06,1185,1191,1173,1178
2014/06/05,1191,1202,1182,1185
2014/06/04,1183,1190,1178,1188
2014/06/03,1188,1191,1170,1173
2014/06/02,1172,1194,1170,1180
2014/05/30,1170,1175,1158,1159
2014/05/29,1171,1173,1156,1164
2014/05/28,1193,1194,1170,1175
2014/05/27,1187,1211,1187,1196
2014/05/26,1170,1209,1169,1193
2014/05/23,1158,1165,1129,1155
2014/05/22,1157,1166,1151,1163
2014/05/21,1140,1143,1121,1140
2014/05/20,1153,1155,1142,1146
2014/05/19,1163,1163,1136,1146
2014/05/16,1159,1162,1142,1158
2014/05/15,1193,1198,1164,1190
2014/05/14,1261,1270,1249,1266
2014/05/13,1249,1262,1243,1251
2014/05/12,1237,1241,1226,1227
2014/05/09,1237,1248,1232,1232
2014/05/08,1236,1240,1229,1232
2014/05/07,1261,1263,1225,1226
2014/05/02,1213,1257,1202,1252
2014/05/01,1240,1262,1239,1258
2014/04/30,1273,1278,1240,1243
2014/04/28,1261,1265,1242,1258
2014/04/25,1277,1292,1262,1270
2014/04/24,1330,1334,1272,1284
2014/04/23,1327,1331,1314,1324
2014/04/22,1340,1348,1307,1308
2014/04/21,1329,1344,1328,1329
2014/04/18,1319,1329,1314,1327
2014/04/17,1319,1323,1301,1309
2014/04/16,1296,1317,1289,1317
2014/04/15,1292,1298,1281,1285
2014/04/14,1269,1294,1258,1277
2014/04/11,1258,1291,1252,1280
2014/04/10,1315,1317,1273,1280
2014/04/09,1311,1324,1276,1289
2014/04/08,1333,1347,1319,1332
2014/04/07,1341,1356,1330,1348
2014/04/04,1341,1361,1339,1350
2014/04/03,1358,1359,1346,1346
2014/04/02,1363,1370,1342,1344
2014/04/01,1344,1369,1339,1356
2014/03/31,1293,1336,1292,1328
2014/03/28,1253,1281,1250,1275
2014/03/27,1234,1269,1211,1263
2014/03/26,1241,1256,1241,1254
2014/03/25,1198,1235,1186,1229
2014/03/24,1213,1219,1201,1201
2014/03/20,1178,1190,1159,1172
2014/03/19,1156,1170,1141,1153
2014/03/18,1167,1168,1140,1144
2014/03/17,1158,1161,1132,1148
2014/03/14,1182,1190,1166,1168
2014/03/13,1219,1234,1216,1218
2014/03/12,1216,1229,1214,1217
2014/03/11,1227,1244,1226,1233
2014/03/10,1226,1243,1219,1229
2014/03/07,1219,1226,1209,1214
2014/03/06,1175,1211,1174,1199
2014/03/05,1163,1177,1158,1170
2014/03/04,1135,1151,1129,1144
2014/03/03,1137,1153,1125,1151
2014/02/28,1166,1174,1147,1163
2014/02/27,1151,1158,1138,1146
2014/02/26,1149,1166,1145,1149
2014/02/25,1157,1161,1143,1148
2014/02/24,1145,1165,1138,1152
2014/02/21,1138,1153,1133,1145
2014/02/20,1132,1138,1124,1127
2014/02/19,1137,1139,1117,1130
2014/02/18,1110,1151,1110,1149
2014/02/17,1110,1112,1081,1107
2014/02/14,1121,1136,1076,1096
2014/02/13,1131,1133,1100,1111
2014/02/12,1113,1134,1106,1132
2014/02/10,1096,1113,1081,1090
2014/02/07,1074,1092,1056,1081
2014/02/06,1024,1039,1009,1037
2014/02/05,1039,1052,1000,1020
2014/02/04,968,989,964,974
2014/02/03,1019,1030,1002,1005
2014/01/31,1050,1057,1021,1032
2014/01/30,1062,1062,1039,1046
2014/01/29,1069,1072,1061,1069
2014/01/28,1058,1079,1039,1052
2014/01/27,1076,1084,1073,1080
2014/01/24,1096,1125,1090,1111
2014/01/23,1130,1132,1109,1110
2014/01/22,1104,1106,1092,1103
2014/01/21,1107,1120,1107,1111
2014/01/20,1117,1122,1104,1107
2014/01/17,1119,1121,1106,1113
2014/01/16,1135,1153,1122,1127
2014/01/15,1134,1135,1121,1127
2014/01/14,1118,1123,1106,1117
2014/01/10,1163,1171,1139,1141
2014/01/09,1179,1192,1161,1176
2014/01/08,1115,1133,1109,1132
2014/01/07,1127,1127,1110,1114
2014/01/06,1122,1131,1105,1114
2013/12/30,1116,1133,1108,1127
2013/12/27,1113,1115,1094,1100
2013/12/26,1108,1109,1097,1106
2013/12/25,1107,1111,1096,1102
2013/12/24,1127,1132,1103,1108
2013/12/20,1118,1124,1115,1120
2013/12/19,1104,1120,1101,1114
2013/12/18,1080,1093,1080,1088
2013/12/17,1096,1098,1075,1084
2013/12/16,1101,1104,1090,1094
2013/12/13,1105,1116,1097,1104
2013/12/12,1095,1107,1088,1106
2013/12/11,1107,1118,1100,1107
2013/12/10,1120,1123,1106,1107
2013/12/09,1128,1131,1122,1128
2013/12/06,1101,1115,1094,1112
2013/12/05,1112,1124,1100,1102
2013/12/04,1140,1145,1112,1113
2013/12/03,1152,1162,1149,1151
2013/12/02,1132,1147,1125,1142
2013/11/29,1122,1123,1109,1122
2013/11/28,1138,1142,1114,1120
2013/11/27,1100,1128,1095,1121
2013/11/26,1115,1116,1103,1107
2013/11/25,1119,1129,1114,1125
2013/11/22,1131,1135,1115,1120
2013/11/21,1109,1132,1106,1130
2013/11/20,1117,1120,1110,1113
2013/11/19,1116,1123,1102,1123
2013/11/18,1105,1113,1093,1107
2013/11/15,1102,1108,1091,1096
2013/11/14,1051,1065,1044,1059
2013/11/13,1020,1052,1010,1034
2013/11/12,970,1015,968,1006
2013/11/11,975,979,962,970
2013/11/08,980,984,967,974
2013/11/07,996,1006,984,999
2013/11/06,973,1002,972,995
2013/11/05,971,986,955,982
2013/11/01,1002,1014,964,981
2013/10/31,1122,1122,1100,1102
2013/10/30,1119,1124,1107,1121
2013/10/29,1110,1117,1106,1109
2013/10/28,1101,1131,1101,1118
2013/10/25,1091,1094,1082,1083
2013/10/24,1122,1122,1082,1094
2013/10/23,1134,1136,1107,1107
2013/10/22,1128,1134,1124,1129
2013/10/21,1119,1124,1117,1119
2013/10/18,1135,1135,1117,1124
2013/10/17,1134,1138,1123,1127
2013/10/16,1126,1129,1117,1124
2013/10/15,1135,1143,1122,1125
2013/10/11,1110,1121,1108,1113
2013/10/10,1118,1118,1092,1101
2013/10/09,1101,1117,1081,1117
2013/10/08,1127,1128,1104,1113
2013/10/07,1160,1167,1142,1145
2013/10/04,1173,1174,1152,1165
2013/10/03,1188,1193,1173,1185
2013/10/02,1207,1215,1182,1188
2013/10/01,1213,1214,1200,1202
2013/09/30,1193,1222,1188,1208
2013/09/27,1211,1218,1204,1212
2013/09/26,1200,1208,1175,1208
2013/09/25,1199,1205,1196,1200
2013/09/24,1209,1214,1189,1204
2013/09/20,1226,1230,1221,1224
2013/09/19,1227,1228,1211,1220
2013/09/18,1225,1232,1217,1223
2013/09/17,1217,1226,1207,1211
2013/09/13,1203,1210,1188,1200
2013/09/12,1215,1229,1197,1203
2013/09/11,1234,1235,1210,1217
2013/09/10,1224,1228,1219,1220
2013/09/09,1225,1225,1191,1194
2013/09/06,1201,1218,1186,1191
2013/09/05,1188,1195,1176,1184
2013/09/04,1162,1180,1151,1174
2013/09/03,1143,1165,1143,1163
2013/09/02,1124,1129,1116,1128
2013/08/30,1130,1137,1118,1123
2013/08/29,1132,1132,1116,1121
2013/08/28,1123,1130,1110,1119
2013/08/27,1128,1175,1127,1159
2013/08/26,1128,1137,1123,1126
2013/08/23,1110,1129,1108,1117
2013/08/22,1089,1090,1073,1083
2013/08/21,1100,1109,1087,1100
2013/08/20,1110,1114,1092,1094
2013/08/19,1110,1121,1105,1121
2013/08/16,1099,1122,1094,1114
2013/08/15,1120,1128,1114,1117
2013/08/14,1132,1134,1112,1134
2013/08/13,1109,1118,1106,1116
2013/08/12,1102,1108,1092,1095
2013/08/09,1108,1119,1096,1101
2013/08/08,1101,1125,1088,1092
2013/08/07,1137,1138,1105,1106
2013/08/06,1196,1197,1140,1155
2013/08/05,1204,1237,1203,1211
2013/08/02,1228,1240,1194,1203
2013/08/01,1172,1192,1135,1192
2013/07/31,1196,1207,1170,1171
2013/07/30,1177,1212,1174,1199
2013/07/29,1190,1190,1161,1165
2013/07/26,1227,1233,1203,1208
2013/07/25,1303,1303,1241,1250
2013/07/24,1309,1316,1292,1297
2013/07/23,1261,1305,1260,1300
2013/07/22,1263,1267,1238,1257
2013/07/19,1255,1263,1225,1240
2013/07/18,1247,1247,1238,1243
2013/07/17,1236,1247,1233,1243
2013/07/16,1245,1258,1239,1243
2013/07/12,1239,1245,1233,1235
2013/07/11,1229,1246,1227,1240
2013/07/10,1249,1252,1230,1240
2013/07/09,1235,1255,1234,1249
2013/07/08,1249,1264,1219,1221
2013/07/05,1243,1247,1239,1246
2013/07/04,1227,1245,1225,1238
2013/07/03,1239,1243,1226,1230
2013/07/02,1232,1241,1222,1241
2013/07/01,1192,1215,1187,1212
2013/06/28,1165,1192,1163,1181
2013/06/27,1149,1160,1129,1157
2013/06/26,1137,1160,1133,1138
2013/06/25,1126,1138,1108,1122
2013/06/24,1146,1148,1113,1119
2013/06/21,1108,1146,1096,1140
2013/06/20,1142,1168,1133,1147
2013/06/19,1171,1176,1132,1148
2013/06/18,1118,1168,1116,1161
2013/06/17,1084,1117,1071,1112
2013/06/14,1128,1137,1095,1097
2013/06/13,1114,1129,1093,1102
2013/06/12,1122,1165,1114,1142
2013/06/11,1132,1192,1124,1156
2013/06/10,1115,1135,1093,1132
2013/06/07,1041,1089,1036,1061
2013/06/06,1052,1102,1048,1070
2013/06/05,1139,1143,1091,1093
2013/06/04,1089,1154,1063,1152
2013/06/03,1154,1159,1097,1112
2013/05/31,1194,1219,1173,1176
2013/05/30,1155,1173,1148,1153
2013/05/29,1230,1233,1179,1187
2013/05/28,1145,1205,1142,1195
2013/05/27,1193,1219,1155,1159
2013/05/24,1275,1308,1178,1237
2013/05/23,1343,1366,1220,1245
2013/05/22,1327,1392,1319,1321
2013/05/21,1229,1267,1211,1249
2013/05/20,1211,1260,1203,1249
2013/05/17,1180,1202,1155,1183
2013/05/16,1200,1215,1165,1205
2013/05/15,1234,1243,1190,1200
2013/05/14,1102,1117,1087,1088
2013/05/13,1058,1108,1054,1076
2013/05/10,1045,1061,1011,1038
2013/05/09,1037,1044,1008,1014
2013/05/08,1002,1045,1001,1028
2013/05/07,988,1017,981,1008
2013/05/02,914,955,912,948
2013/05/01,933,937,922,923
2013/04/30,948,949,934,942
2013/04/26,991,999,952,953
2013/04/25,957,958,948,952
2013/04/24,960,962,947,955
2013/04/23,953,957,941,953
2013/04/22,971,972,954,959
2013/04/19,945,956,936,953
2013/04/18,949,955,939,939
2013/04/17,957,967,951,957
2013/04/16,949,949,917,937
2013/04/15,956,991,956,978
2013/04/12,998,999,970,980
2013/04/11,995,1000,983,996
2013/04/10,973,991,971,981
2013/04/09,1006,1007,967,974
2013/04/08,966,993,958,991
2013/04/05,980,980,937,938
2013/04/04,910,938,890,935
2013/04/03,954,961,925,935
2013/04/02,910,950,898,929
2013/04/01,973,975,933,938
2013/03/29,977,993,964,981
2013/03/28,995,997,949,972
2013/03/27,998,1013,996,1003
2013/03/26,1009,1012,996,999
2013/03/25,1017,1038,998,1028
2013/03/22,985,1021,982,998
2013/03/21,1023,1044,1010,1017
2013/03/19,970,1014,967,1001
2013/03/18,984,992,935,938
2013/03/15,937,1021,932,1008
2013/03/14,911,913,898,909
2013/03/13,897,915,895,909
2013/03/12,925,940,895,897
2013/03/11,902,921,901,916
2013/03/08,892,899,888,890
2013/03/07,897,903,883,884
2013/03/06,884,894,876,892
2013/03/05,887,895,862,870
2013/03/04,865,888,865,879
2013/03/01,824,859,816,851
2013/02/28,809,827,806,820
2013/02/27,793,805,788,793
2013/02/26,791,809,789,793
2013/02/25,819,826,811,825
2013/02/22,807,810,789,799
2013/02/21,842,849,819,822
2013/02/20,850,854,837,838
2013/02/19,813,838,803,837
2013/02/18,840,847,817,824
2013/02/15,810,821,786,815
2013/02/14,818,842,814,832
2013/02/13,841,846,802,812
2013/02/12,878,890,856,861
2013/02/08,886,915,846,853
2013/02/07,931,970,927,950
2013/02/06,940,942,921,928
2013/02/05,892,933,886,908
2013/02/04,895,938,893,915
2013/02/01,865,870,845,853
2013/01/31,861,867,839,858
2013/01/30,868,880,857,873
2013/01/29,866,897,861,875
2013/01/28,854,893,835,891
2013/01/25,789,822,787,818
2013/01/24,733,764,719,755
2013/01/23,737,762,734,742
2013/01/22,764,781,739,759
2013/01/21,743,789,726,757
2013/01/18,682,736,676,734
2013/01/17,634,657,627,655
2013/01/16,638,639,620,621
2013/01/15,641,647,634,638
2013/01/11,631,634,626,632
2013/01/10,609,625,607,623
2013/01/09,597,606,592,603
2013/01/08,613,623,605,607
2013/01/07,633,635,616,619
2013/01/04,640,640,623,627
2012/12/28,616,632,612,621
2012/12/27,620,620,604,612
2012/12/26,598,615,593,613
2012/12/25,604,604,589,591
2012/12/21,608,611,588,591
2012/12/20,607,611,598,602
2012/12/19,608,614,606,612
2012/12/18,605,609,598,601
2012/12/17,609,612,598,603
2012/12/14,582,596,574,595
2012/12/13,562,588,560,583
2012/12/12,537,551,533,549
2012/12/11,542,543,529,533
2012/12/10,551,559,540,542
2012/12/07,544,550,543,548
2012/12/06,528,542,527,541
2012/12/05,525,530,521,524
2012/12/04,528,529,523,527
2012/12/03,534,536,530,531
2012/11/30,538,540,533,534
2012/11/29,538,541,532,536
2012/11/28,540,543,537,537
2012/11/27,549,551,539,546
2012/11/26,558,560,548,549
2012/11/22,558,561,556,561
2012/11/21,555,558,548,551
2012/11/20,558,559,547,550
2012/11/19,563,563,550,555
2012/11/16,546,555,543,554
2012/11/15,535,539,523,537
2012/11/14,586,597,585,590
2012/11/13,579,587,578,585
2012/11/12,589,592,581,582
2012/11/09,595,601,590,599
2012/11/08,610,617,604,605
2012/11/07,615,626,612,624
2012/11/06,617,618,609,614
2012/11/05,630,630,621,625
2012/11/02,650,659,637,641
2012/11/01,632,636,622,629
2012/10/31,646,660,645,656
2012/10/30,648,661,639,639
2012/10/29,653,657,644,649
2012/10/26,662,669,652,654
2012/10/25,661,664,650,663
2012/10/24,668,678,667,671
2012/10/23,688,692,672,679
2012/10/22,666,683,665,680
2012/10/19,673,687,673,684
2012/10/18,675,688,674,685
2012/10/17,663,674,660,667
2012/10/16,645,658,643,655
2012/10/15,626,641,619,640
2012/10/12,623,641,622,636
2012/10/11,624,634,618,624
2012/10/10,633,634,626,630
2012/10/09,660,665,642,643
2012/10/05,647,669,647,668
2012/10/04,653,664,639,650
2012/10/03,654,662,651,656
2012/10/02,655,669,653,656
2012/10/01,646,657,642,649
2012/09/28,673,675,646,651
2012/09/27,653,666,651,659
2012/09/26,668,669,655,657
2012/09/25,683,694,680,689
2012/09/24,699,700,687,689
2012/09/21,709,716,705,710
2012/09/20,734,741,716,719
2012/09/19,739,757,725,754
2012/09/18,737,742,726,735
2012/09/14,692,712,690,705
2012/09/13,672,687,668,682
2012/09/12,661,670,661,668
2012/09/11,652,665,652,660
2012/09/10,655,670,647,663
2012/09/07,642,655,634,655
2012/09/06,626,628,613,621
2012/09/05,636,640,621,624
2012/09/04,637,649,630,644
2012/09/03,640,647,624,634
2012/08/31,650,655,639,639
2012/08/30,668,670,652,658
2012/08/29,657,681,654,671
2012/08/28,669,669,653,657
2012/08/27,677,683,666,669
2012/08/24,670,672,666,669
2012/08/23,676,682,669,678
2012/08/22,690,693,676,681
2012/08/21,697,701,680,689
2012/08/20,698,705,688,693
2012/08/17,685,695,678,692
2012/08/16,655,680,654,679
2012/08/15,670,670,650,654
2012/08/14,698,701,668,675
2012/08/13,706,721,695,698
2012/08/10,678,717,676,697
2012/08/09,669,692,669,680
2012/08/08,677,705,669,673
2012/08/07,663,670,654,668
2012/08/06,673,675,651,663
2012/08/03,662,671,649,664
2012/08/02,705,733,704,714
2012/08/01,705,709,689,698
2012/07/31,694,717,685,715
2012/07/30,714,719,687,699
2012/07/27,696,704,686,704
2012/07/26,658,686,651,679
2012/07/25,677,678,642,648
2012/07/24,681,690,676,684
2012/07/23,701,702,684,685
2012/07/20,734,734,712,715
2012/07/19,725,744,725,732
2012/07/18,721,730,716,721
2012/07/17,744,746,719,721
2012/07/13,746,759,744,747
2012/07/12,768,771,746,748
2012/07/11,773,776,757,767
2012/07/10,799,805,784,785
2012/07/09,809,812,797,806
2012/07/06,824,837,815,823
2012/07/05,819,838,818,826
2012/07/04,851,854,824,825
2012/07/03,841,858,839,846
2012/07/02,860,867,839,842
2012/06/29,819,853,808,847
2012/06/28,836,840,823,828
2012/06/27,832,835,809,824
2012/06/26,845,851,823,832
2012/06/25,887,893,856,858
2012/06/22,845,881,841,880
2012/06/21,849,855,832,833
2012/06/20,823,839,821,835
2012/06/19,807,825,801,807
2012/06/18,814,822,809,812
2012/06/15,789,792,775,780
2012/06/14,774,794,772,786
2012/06/13,782,789,772,775
2012/06/12,775,793,771,778
2012/06/11,790,806,783,795
2012/06/08,803,805,768,772
2012/06/07,822,830,809,815
2012/06/06,791,809,767,800
2012/06/05,763,785,761,783
2012/06/04,754,765,754,758
2012/06/01,785,787,768,772
2012/05/31,780,806,773,800
2012/05/30,810,815,794,802
2012/05/29,793,820,793,817
2012/05/28,806,812,785,799
2012/05/25,836,842,797,805
2012/05/24,834,851,824,843
2012/05/23,856,862,834,837
2012/05/22,855,874,848,855
2012/05/21,840,854,823,847
2012/05/18,851,861,835,841
2012/05/17,848,892,836,888
2012/05/16,856,869,847,855
2012/05/15,901,902,853,863
2012/05/14,870,885,841,883
2012/05/11,933,950,849,868
2012/05/10,933,938,921,928
2012/05/09,925,957,923,940
2012/05/08,938,939,924,932
2012/05/07,938,945,929,929
2012/05/02,980,984,973,973
2012/05/01,993,993,965,969
2012/04/27,1019,1029,1000,1008
2012/04/26,1020,1032,1013,1017
2012/04/25,1036,1038,1011,1014
2012/04/24,1030,1032,1016,1019
2012/04/23,1050,1055,1034,1037
2012/04/20,1057,1064,1041,1044
2012/04/19,1053,1060,1044,1054
2012/04/18,1088,1096,1060,1064
2012/04/17,1081,1093,1064,1071
2012/04/16,1084,1120,1080,1096
2012/04/13,1171,1175,1105,1107
2012/04/12,1148,1177,1140,1171
2012/04/11,1134,1167,1129,1161
2012/04/10,1248,1263,1211,1215
2012/04/09,1226,1270,1214,1260
2012/04/06,1257,1277,1246,1252
2012/04/05,1241,1287,1236,1278
2012/04/04,1308,1308,1265,1269
2012/04/03,1302,1310,1289,1307
2012/04/02,1321,1340,1313,1315
2012/03/30,1328,1328,1298,1305
2012/03/29,1336,1344,1319,1337
2012/03/28,1348,1366,1336,1357
2012/03/27,1324,1334,1309,1333
2012/03/26,1291,1312,1275,1293
2012/03/23,1296,1298,1279,1285
2012/03/22,1302,1341,1301,1326
2012/03/21,1352,1366,1323,1325
2012/03/19,1398,1398,1381,1387
2012/03/16,1376,1400,1369,1400
2012/03/15,1382,1398,1360,1392
2012/03/14,1344,1373,1340,1367
2012/03/13,1317,1321,1298,1300
2012/03/12,1342,1346,1306,1309
2012/03/09,1284,1322,1271,1311
2012/03/08,1268,1274,1251,1257
2012/03/07,1237,1267,1235,1249
2012/03/06,1288,1309,1268,1279
2012/03/05,1321,1325,1282,1288
2012/03/02,1337,1347,1313,1332
2012/03/01,1334,1359,1313,1325
2012/02/29,1361,1368,1317,1322
2012/02/28,1314,1352,1308,1349
2012/02/27,1384,1385,1337,1338
2012/02/24,1291,1325,1289,1322
2012/02/23,1282,1290,1262,1284
2012/02/22,1251,1279,1234,1277
2012/02/21,1276,1282,1249,1257
2012/02/20,1259,1286,1251,1275
2012/02/17,1243,1247,1223,1230
2012/02/16,1190,1223,1183,1204
2012/02/15,1143,1195,1140,1193
2012/02/14,1128,1133,1112,1128
2012/02/13,1146,1160,1142,1144
2012/02/10,1174,1177,1155,1161
2012/02/09,1163,1170,1149,1167
2012/02/08,1144,1166,1133,1164
2012/02/07,1111,1150,1110,1142
2012/02/06,1105,1136,1105,1125
2012/02/03,1022,1090,1015,1081
2012/02/02,1006,1037,995,1000
2012/02/01,1024,1037,1018,1027
2012/01/31,1038,1049,1024,1046
2012/01/30,1051,1062,1041,1043
2012/01/27,1058,1070,1055,1062
2012/01/26,1096,1102,1066,1076
2012/01/25,1064,1096,1056,1090
2012/01/24,1064,1066,1036,1040
2012/01/23,1022,1078,1021,1065
2012/01/20,1010,1027,1004,1023
2012/01/19,980,1000,979,991
2012/01/18,953,982,947,974
2012/01/17,971,974,959,965
2012/01/16,973,975,963,967
2012/01/13,985,996,982,989
2012/01/12,999,1006,976,982
2012/01/11,1006,1013,1000,1005
2012/01/10,1013,1019,995,999
2012/01/06,1007,1012,990,999
2012/01/05,1028,1032,1015,1019
2012/01/04,1046,1048,1037,1041
2011/12/30,1010,1024,1008,1024
2011/12/29,996,1005,984,1003
2011/12/28,1014,1025,1001,1001
2011/12/27,1030,1045,1022,1025
2011/12/26,1028,1033,1016,1029
2011/12/22,1012,1025,1002,1012
2011/12/21,989,1006,988,1003
2011/12/20,965,981,960,969
2011/12/19,987,989,964,970
2011/12/16,992,1003,986,999
2011/12/15,985,1008,982,987
2011/12/14,1006,1009,996,1001
2011/12/13,1022,1024,1008,1015
2011/12/12,1050,1055,1040,1041
2011/12/09,1030,1045,1024,1027
2011/12/08,1043,1071,1040,1061
2011/12/07,1010,1063,1008,1059
2011/12/06,1018,1024,999,999
2011/12/05,1028,1032,1015,1017
2011/12/02,1025,1026,1009,1014
2011/12/01,1030,1033,1022,1023
2011/11/30,991,995,973,995
2011/11/29,1003,1009,994,1009
2011/11/28,989,1006,981,986
2011/11/25,954,988,949,963
2011/11/24,917,966,913,961
2011/11/22,905,952,904,941
2011/11/21,929,934,911,912
2011/11/18,930,945,929,938
2011/11/17,928,959,927,950
2011/11/16,962,970,937,939
2011/11/15,963,981,956,970
2011/11/14,990,999,981,983
2011/11/11,948,986,947,968
2011/11/10,948,952,936,944
2011/11/09,972,992,965,990
2011/11/08,996,998,953,959
2011/11/07,992,1004,986,999
2011/11/04,1031,1031,985,995
2011/11/02,1096,1097,1075,1079
2011/11/01,1166,1173,1117,1117
2011/10/31,1197,1230,1179,1191
2011/10/28,1209,1209,1170,1209
2011/10/27,1098,1173,1098,1165
2011/10/26,1086,1112,1074,1104
2011/10/25,1107,1115,1088,1093
2011/10/24,1097,1107,1071,1081
2011/10/21,1082,1119,1077,1093
2011/10/20,1089,1095,1071,1083
2011/10/19,1113,1127,1093,1099
2011/10/18,1085,1113,1080,1111
2011/10/17,1111,1124,1106,1123
2011/10/14,1090,1101,1068,1068
2011/10/13,1070,1101,1067,1089
2011/10/12,1039,1063,1031,1056
2011/10/11,1036,1041,1024,1040
2011/10/07,1006,1011,980,982
2011/10/06,998,1020,993,1019
2011/10/05,994,999,966,972
2011/10/04,967,992,947,988
2011/10/03,1001,1006,975,993
2011/09/30,1043,1059,1029,1039
2011/09/29,1030,1043,1013,1043
2011/09/28,1021,1041,1019,1033
2011/09/27,997,1012,989,1012
2011/09/26,1013,1013,974,975
2011/09/22,1020,1021,1007,1016
2011/09/21,1035,1046,1024,1033
2011/09/20,1051,1056,1029,1033
2011/09/16,1049,1077,1043,1075
2011/09/15,1048,1051,1025,1029
2011/09/14,1029,1061,1010,1020
2011/09/13,1020,1022,1004,1016
2011/09/12,1022,1028,1018,1019
2011/09/09,1049,1072,1045,1053
2011/09/08,1081,1083,1043,1052
2011/09/07,1057,1065,1049,1059
2011/09/06,1033,1049,1022,1025
2011/09/05,1066,1072,1045,1049
2011/09/02,1113,1113,1082,1091
2011/09/01,1124,1149,1124,1138
2011/08/31,1125,1131,1111,1115
2011/08/30,1122,1150,1120,1133
2011/08/29,1063,1106,1063,1093
2011/08/26,1060,1065,1050,1061
2011/08/25,1049,1064,1038,1052
2011/08/24,1066,1069,1027,1029
2011/08/23,1060,1062,1028,1059
2011/08/22,1040,1061,1037,1045
2011/08/19,1057,1064,1046,1054
2011/08/18,1110,1111,1083,1087
2011/08/17,1107,1117,1091,1113
2011/08/16,1136,1143,1113,1119
2011/08/15,1098,1118,1091,1114
2011/08/12,1100,1106,1068,1070
2011/08/11,1082,1096,1068,1091
2011/08/10,1149,1149,1107,1113
2011/08/09,1108,1138,1091,1136
2011/08/08,1173,1173,1133,1148
2011/08/05,1190,1199,1186,1191
2011/08/04,1249,1267,1237,1252
2011/08/03,1263,1265,1246,1249
2011/08/02,1267,1288,1262,1280
2011/08/01,1269,1289,1264,1269
2011/07/29,1288,1288,1259,1259
2011/07/28,1293,1303,1292,1300
2011/07/27,1322,1326,1306,1313
2011/07/26,1328,1334,1322,1329
2011/07/25,1334,1336,1318,1320
2011/07/22,1344,1356,1337,1348
2011/07/21,1346,1348,1328,1331
2011/07/20,1351,1355,1332,1339
2011/07/19,1348,1356,1333,1334
2011/07/15,1356,1375,1352,1366
2011/07/14,1350,1369,1346,1355
2011/07/13,1342,1372,1342,1367
2011/07/12,1366,1374,1357,1357
2011/07/11,1391,1404,1390,1397
2011/07/08,1408,1410,1397,1397
2011/07/07,1381,1401,1376,1388
2011/07/06,1373,1384,1362,1384
2011/07/05,1343,1369,1341,1367
2011/07/04,1359,1359,1339,1342
2011/07/01,1338,1344,1331,1336
2011/06/30,1314,1340,1303,1329
2011/06/29,1296,1302,1280,1288
2011/06/28,1294,1295,1272,1275
2011/06/27,1288,1290,1268,1270
2011/06/24,1282,1302,1278,1296
2011/06/23,1247,1282,1247,1263
2011/06/22,1225,1260,1224,1252
2011/06/21,1205,1213,1187,1205
2011/06/20,1234,1234,1195,1201
2011/06/17,1243,1246,1230,1233
2011/06/16,1248,1253,1238,1238
2011/06/15,1245,1265,1242,1257
2011/06/14,1240,1245,1233,1242
2011/06/13,1233,1245,1231,1242
2011/06/10,1260,1265,1240,1245
2011/06/09,1233,1246,1226,1244
2011/06/08,1255,1265,1243,1250
2011/06/07,1259,1263,1231,1244
2011/06/06,1290,1297,1254,1261
2011/06/03,1302,1315,1298,1301
2011/06/02,1302,1315,1298,1307
2011/06/01,1328,1335,1320,1328
2011/05/31,1289,1318,1286,1316
2011/05/30,1306,1312,1284,1289
2011/05/27,1343,1348,1311,1315
2011/05/26,1361,1361,1344,1356
2011/05/25,1378,1379,1338,1353
2011/05/24,1330,1377,1323,1372
2011/05/23,1345,1346,1329,1335
2011/05/20,1329,1349,1329,1339
2011/05/19,1355,1365,1326,1333
2011/05/18,1376,1380,1343,1350
2011/05/17,1354,1373,1353,1366
2011/05/16,1344,1361,1341,1344
2011/05/13,1351,1355,1328,1343
2011/05/12,1370,1379,1354,1355
2011/05/11,1397,1406,1375,1379
2011/05/10,1374,1393,1365,1382
2011/05/09,1365,1383,1362,1377
2011/05/06,1320,1360,1317,1347
2011/05/02,1374,1383,1361,1378
2011/04/28,1366,1375,1333,1343
2011/04/27,1424,1441,1383,1404
2011/04/26,1452,1456,1427,1431
2011/04/25,1475,1479,1452,1461
2011/04/22,1464,1483,1455,1465
2011/04/21,1468,1492,1466,1482
2011/04/20,1446,1456,1445,1450
2011/04/19,1417,1438,1413,1437
2011/04/18,1450,1450,1428,1429
2011/04/15,1468,1470,1445,1448
2011/04/14,1467,1476,1454,1465
2011/04/13,1462,1475,1446,1470
2011/04/12,1488,1489,1457,1467
2011/04/11,1503,1510,1495,1509
2011/04/08,1511,1533,1496,1530
2011/04/07,1534,1534,1517,1517
2011/04/06,1537,1541,1501,1513
2011/04/05,1543,1545,1516,1530
2011/04/04,1581,1590,1535,1539
2011/04/01,1556,1579,1542,1556
2011/03/31,1568,1568,1538,1550
2011/03/30,1525,1549,1521,1545
2011/03/29,1481,1529,1481,1518
2011/03/28,1519,1519,1495,1509
2011/03/25,1532,1545,1511,1527
2011/03/24,1500,1504,1475,1477
2011/03/23,1505,1511,1489,1503
2011/03/22,1515,1533,1493,1504
2011/03/18,1455,1485,1436,1456
2011/03/17,1386,1465,1386,1452
2011/03/16,1441,1490,1437,1459
2011/03/15,1441,1441,1211,1340
2011/03/14,1415,1501,1406,1469
2011/03/11,1623,1643,1613,1615
2011/03/10,1661,1661,1644,1651
2011/03/09,1679,1681,1665,1665
2011/03/08,1666,1675,1661,1671
2011/03/07,1694,1696,1667,1680
2011/03/04,1724,1727,1703,1708
2011/03/03,1686,1697,1683,1688
2011/03/02,1702,1713,1682,1687
2011/03/01,1721,1729,1718,1724
2011/02/28,1678,1716,1666,1713
2011/02/25,1691,1702,1683,1697
2011/02/24,1686,1692,1670,1676
2011/02/23,1712,1737,1698,1701
2011/02/22,1756,1773,1719,1733
2011/02/21,1738,1758,1715,1755
2011/02/18,1726,1728,1711,1720
2011/02/17,1722,1745,1719,1730
2011/02/16,1670,1701,1654,1699
2011/02/15,1663,1671,1650,1656
2011/02/14,1651,1663,1643,1662
2011/02/10,1639,1646,1632,1640
2011/02/09,1658,1661,1640,1645
2011/02/08,1644,1652,1633,1643
2011/02/07,1666,1669,1629,1633
2011/02/04,1668,1681,1654,1659
2011/02/03,1606,1648,1594,1629
2011/02/02,1603,1635,1600,1616
2011/02/01,1610,1613,1595,1598
2011/01/31,1603,1614,1600,1606
2011/01/28,1674,1687,1644,1650
2011/01/27,1639,1656,1627,1653
2011/01/26,1646,1646,1624,1625
2011/01/25,1625,1670,1625,1655
2011/01/24,1606,1625,1592,1618
2011/01/21,1660,1661,1594,1603
2011/01/20,1677,1681,1662,1664
2011/01/19,1683,1686,1672,1682
2011/01/18,1658,1682,1657,1672
2011/01/17,1681,1684,1660,1664
2011/01/14,1669,1681,1663,1666
2011/01/13,1717,1717,1680,1686
2011/01/12,1717,1722,1696,1698
2011/01/11,1694,1722,1686,1705
2011/01/07,1705,1714,1700,1711
2011/01/06,1700,1708,1696,1705
2011/01/05,1685,1690,1675,1680
2011/01/04,1672,1692,1667,1685
2010/12/30,1667,1673,1649,1658
2010/12/29,1669,1677,1664,1675
2010/12/28,1684,1684,1674,1676
2010/12/27,1675,1688,1674,1678
2010/12/24,1675,1691,1674,1677
2010/12/22,1700,1703,1676,1684
2010/12/21,1673,1707,1672,1707
2010/12/20,1676,1687,1652,1662
2010/12/17,1686,1696,1674,1681
2010/12/16,1695,1705,1688,1688
2010/12/15,1697,1711,1686,1702
2010/12/14,1692,1701,1686,1696
2010/12/13,1703,1712,1695,1706
2010/12/10,1732,1732,1698,1700
2010/12/09,1730,1735,1718,1727
2010/12/08,1708,1728,1702,1728
2010/12/07,1717,1720,1692,1696
2010/12/06,1709,1723,1699,1717
2010/12/03,1735,1741,1709,1718
2010/12/02,1759,1759,1724,1730
2010/12/01,1684,1717,1683,1717
2010/11/30,1685,1705,1672,1692
2010/11/29,1671,1697,1662,1692
2010/11/26,1661,1673,1646,1647
2010/11/25,1674,1677,1650,1651
2010/11/24,1621,1651,1618,1638
2010/11/22,1697,1698,1674,1674
2010/11/19,1692,1699,1663,1669
2010/11/18,1630,1684,1630,1683
2010/11/17,1602,1650,1602,1648
2010/11/16,1624,1641,1605,1625
2010/11/15,1569,1600,1560,1597
2010/11/12,1567,1578,1556,1557
2010/11/11,1584,1587,1573,1581
2010/11/10,1565,1579,1562,1577
2010/11/09,1564,1579,1554,1558
2010/11/08,1571,1584,1564,1574
2010/11/05,1546,1576,1546,1558
2010/11/04,1541,1545,1508,1519
2010/11/02,1514,1516,1500,1512
2010/11/01,1537,1555,1503,1527
2010/10/29,1584,1586,1548,1550
2010/10/28,1575,1588,1563,1573
2010/10/27,1593,1606,1580,1591
2010/10/26,1571,1620,1563,1584
2010/10/25,1581,1584,1557,1575
2010/10/22,1561,1585,1548,1582
2010/10/21,1564,1601,1558,1568
2010/10/20,1538,1553,1534,1550
2010/10/19,1543,1571,1543,1565
2010/10/18,1527,1550,1521,1544
2010/10/15,1523,1528,1507,1518
2010/10/14,1533,1556,1523,1536
2010/10/13,1510,1526,1501,1507
2010/10/12,1544,1549,1501,1507
2010/10/08,1527,1551,1519,1542
2010/10/07,1532,1538,1519,1528
2010/10/06,1525,1539,1515,1533
2010/10/05,1494,1533,1492,1521
2010/10/04,1491,1522,1487,1502
2010/10/01,1501,1505,1477,1488
2010/09/30,1544,1553,1509,1514
2010/09/29,1537,1558,1530,1554
2010/09/28,1521,1538,1519,1525
2010/09/27,1536,1548,1526,1543
2010/09/24,1506,1557,1499,1523
2010/09/22,1534,1554,1526,1527
2010/09/21,1585,1591,1554,1557
2010/09/17,1570,1588,1562,1583
2010/09/16,1561,1570,1541,1563
2010/09/15,1469,1548,1442,1538
2010/09/14,1483,1498,1471,1479
2010/09/13,1516,1526,1491,1491
2010/09/10,1486,1511,1479,1501
2010/09/09,1476,1482,1464,1477
2010/09/08,1468,1478,1459,1465
2010/09/07,1499,1521,1492,1500
2010/09/06,1505,1512,1489,1511
2010/09/03,1469,1488,1462,1486
2010/09/02,1455,1464,1428,1453
2010/09/01,1411,1429,1402,1424
2010/08/31,1446,1450,1413,1422
2010/08/30,1502,1509,1467,1477
2010/08/27,1420,1477,1418,1468
2010/08/26,1455,1460,1418,1432
2010/08/25,1431,1460,1422,1440
2010/08/24,1480,1481,1451,1454
2010/08/23,1532,1532,1500,1512
2010/08/20,1546,1559,1536,1537
2010/08/19,1550,1581,1550,1578
2010/08/18,1564,1567,1545,1554
2010/08/17,1531,1547,1529,1546
2010/08/16,1554,1556,1532,1544
2010/08/13,1561,1594,1545,1593
2010/08/12,1544,1566,1534,1566
2010/08/11,1611,1618,1590,1593
2010/08/10,1665,1668,1638,1642
2010/08/09,1643,1663,1642,1655
2010/08/06,1641,1690,1638,1675
2010/08/05,1668,1669,1629,1669
2010/08/04,1675,1675,1628,1630
2010/08/03,1725,1728,1666,1683
2010/08/02,1679,1721,1679,1705
